jurisdiction,year,prisoner_count,state_population,incarceration rate (%)
ALABAMA,2001,24741,4468912,0.553624685
ALASKA,2001,4570,633630,0.721241103
ARIZONA,2001,27710,5306966,0.522143914
ARKANSAS,2001,11489,2694698,0.426355755
CALIFORNIA,2001,157142,34600463,0.454161553
COLORADO,2001,17278,4430989,0.38993552
CONNECTICUT,2001,17507,3434602,0.509724271
DELAWARE,2001,6841,796599,0.858775871
FLORIDA,2001,72404,16373330,0.44220693
GEORGIA,2001,45937,8405677,0.546499705
HAWAII,2001,5116,1227024,0.41694376
IDAHO,2001,5270,1320585,0.399065566
ILLINOIS,2001,44348,12520227,0.35421083
INDIANA,2001,19646,6126743,0.32065977
IOWA,2001,7962,2931967,0.271558309
KANSAS,2001,8574,2702125,0.317305824
KENTUCKY,2001,10720,4068816,0.263467308
LOUISIANA,2001,19660,4470368,0.439784823
MAINE,2001,1675,1284470,0.13040398
MARYLAND,2001,23739,5386079,0.440747341
MASSACHUSETTS,2001,10203,6401164,0.159392885
MICHIGAN,2001,48849,10006266,0.488184104
MINNESOTA,2001,6406,4984535,0.128517505
MISSISSIPPI,2001,15131,2859733,0.52910534
MISSOURI,2001,28575,5637309,0.506890788
MONTANA,2001,2795,905382,0.308709473
NEBRASKA,2001,3915,1720039,0.227611118
NEVADA,2001,9862,2097722,0.470129026
NEW HAMPSHIRE,2001,2419,1259359,0.192081845
NEW JERSEY,2001,26052,8511116,0.306093819
NEW MEXICO,2001,5668,1830935,0.309568608
NEW YORK,2001,67554,19084350,0.353975902
NORTH CAROLINA,2001,32203,8206105,0.392427345
NORTH DAKOTA,2001,1088,636550,0.170921373
OHIO,2001,44868,11389785,0.393931931
OKLAHOMA,2001,21719,3469577,0.62598409
OREGON,2001,10950,3473441,0.315249345
PENNSYLVANIA,2001,37641,12303104,0.305947182
RHODE ISLAND,2001,3364,1059659,0.317460617
SOUTH CAROLINA,2001,21719,4062125,0.534670893
SOUTH DAKOTA,2001,2799,758324,0.369103444
TENNESSEE,2001,17466,5749398,0.303788327
TEXAS,2001,148480,21370983,0.694773844
UTAH,2001,4145,2278712,0.181901004
VERMONT,2001,1400,612978,0.228393189
VIRGINIA,2001,31472,7196750,0.437308507
WASHINGTON,2001,15226,5993390,0.254046541
WEST VIRGINIA,2001,3403,1800975,0.188953206
WISCONSIN,2001,20766,5405947,0.384132512
WYOMING,2001,1487,493754,0.301162117
ALABAMA,2002,25100,4478896,0.560405957
ALASKA,2002,4351,641482,0.678273124
ARIZONA,2002,29359,5441125,0.539575915
ARKANSAS,2002,11849,2706268,0.437835425
CALIFORNIA,2002,159695,35001986,0.45624554
COLORADO,2002,18636,4501051,0.414036633
CONNECTICUT,2002,18716,3458587,0.541145849
DELAWARE,2002,6637,805945,0.823505326
FLORIDA,2002,75210,16691701,0.450583197
GEORGIA,2002,47445,8544005,0.555301641
HAWAII,2002,5069,1240663,0.408571868
IDAHO,2002,5451,1343124,0.405844881
ILLINOIS,2002,42693,12586447,0.339198187
INDIANA,2002,20349,6156913,0.330506538
IOWA,2002,8398,2935840,0.286051011
KANSAS,2002,8967,2711769,0.330669758
KENTUCKY,2002,11583,4089822,0.28321526
LOUISIANA,2002,20010,4476192,0.447031763
MAINE,2002,1855,1294894,0.143254969
MARYLAND,2002,24114,5450525,0.442416098
MASSACHUSETTS,2002,9879,6421800,0.153835373
MICHIGAN,2002,50591,10043221,0.503732816
MINNESOTA,2002,6855,5024791,0.136423585
MISSISSIPPI,2002,15355,2866733,0.535627141
MISSOURI,2002,29795,5669544,0.525527273
MONTANA,2002,2870,910372,0.315255742
NEBRASKA,2002,4048,1727564,0.234318381
NEVADA,2002,10101,2167455,0.466030437
NEW HAMPSHIRE,2002,2475,1274405,0.194208278
NEW JERSEY,2002,26301,8575252,0.306708188
NEW MEXICO,2002,5991,1852044,0.323480436
NEW YORK,2002,66925,19134293,0.349764687
NORTH CAROLINA,2002,32918,8305820,0.396324505
NORTH DAKOTA,2002,1117,633911,0.176207701
OHIO,2002,45284,11408699,0.396925188
OKLAHOMA,2002,21996,3489700,0.630312061
OREGON,2002,11650,3520355,0.330932534
PENNSYLVANIA,2002,39724,12328827,0.322204213
RHODE ISLAND,2002,3473,1068326,0.325088035
SOUTH CAROLINA,2002,22896,4103770,0.557926005
SOUTH DAKOTA,2002,2943,760437,0.387014309
TENNESSEE,2002,18297,5789796,0.316021497
TEXAS,2002,152446,21736925,0.701322749
UTAH,2002,4285,2318789,0.184794736
VERMONT,2002,1361,616408,0.220795317
VIRGINIA,2002,30937,7287829,0.424502276
WASHINGTON,2002,16263,6067060,0.268054049
WEST VIRGINIA,2002,3575,1804884,0.198073671
WISCONSIN,2002,21666,5439692,0.398294609
WYOMING,2002,1641,498830,0.328969789
ALABAMA,2003,27614,4503726,0.613136767
ALASKA,2003,4472,648280,0.689825384
ARIZONA,2003,31084,5579222,0.557138612
ARKANSAS,2003,12068,2727774,0.442412018
CALIFORNIA,2003,161785,35462712,0.456211584
COLORADO,2003,19450,4547633,0.427695023
CONNECTICUT,2003,18023,3486960,0.516868562
DELAWARE,2003,6630,818166,0.810349
FLORIDA,2003,79594,16999181,0.468222557
GEORGIA,2003,47208,8676460,0.544092867
HAWAII,2003,5499,1248755,0.440358597
IDAHO,2003,5558,1367034,0.406573648
ILLINOIS,2003,43418,12649087,0.34325007
INDIANA,2003,21345,6199571,0.344298017
IOWA,2003,8546,2941976,0.290485035
KANSAS,2003,9168,2724786,0.33646679
KENTUCKY,2003,11660,4118189,0.283134164
LOUISIANA,2003,19498,4493665,0.433899723
MAINE,2003,1974,1309205,0.150778526
MARYLAND,2003,23768,5512310,0.431180394
MASSACHUSETTS,2003,9828,6420357,0.1530756
MICHIGAN,2003,49358,10082364,0.489547888
MINNESOTA,2003,7569,5064172,0.149461748
MISSISSIPPI,2003,15863,2882594,0.550302956
MISSOURI,2003,29864,5719204,0.522170568
MONTANA,2003,3053,918157,0.332513938
NEBRASKA,2003,4073,1737475,0.234420639
NEVADA,2003,10584,2242207,0.472034919
NEW HAMPSHIRE,2003,2427,1288705,0.188328593
NEW JERSEY,2003,25718,8642412,0.297578963
NEW MEXICO,2003,6223,1878562,0.33126402
NEW YORK,2003,65388,19212425,0.340342252
NORTH CAROLINA,2003,33874,8421190,0.402247188
NORTH DAKOTA,2003,1100,633400,0.17366593
OHIO,2003,44350,11437680,0.38775346
OKLAHOMA,2003,22688,3506469,0.64703267
OREGON,2003,12207,3564330,0.342476707
PENNSYLVANIA,2003,40879,12370761,0.330448547
RHODE ISLAND,2003,3576,1076084,0.332316065
SOUTH CAROLINA,2003,22942,4148744,0.552986639
SOUTH DAKOTA,2003,3019,764905,0.394689537
TENNESSEE,2003,19141,5845208,0.327464822
TEXAS,2003,153056,22103374,0.692455369
UTAH,2003,4623,2352119,0.196546178
VERMONT,2003,1491,619343,0.240738977
VIRGINIA,2003,30915,7365284,0.419739415
WASHINGTON,2003,16227,6131298,0.264658479
WEST VIRGINIA,2003,3790,1811440,0.209225809
WISCONSIN,2003,22153,5474290,0.404673483
WYOMING,2003,1630,502111,0.324629415
ALABAMA,2004,25635,4525375,0.566472392
ALASKA,2004,4534,657755,0.68931441
ARIZONA,2004,32384,5739879,0.564193078
ARKANSAS,2004,12577,2750000,0.457345455
CALIFORNIA,2004,163939,35842038,0.457393076
COLORADO,2004,19655,4601821,0.427113527
CONNECTICUT,2004,17993,3498966,0.514237635
DELAWARE,2004,6753,830069,0.813546826
FLORIDA,2004,83165,17385430,0.478360328
GEORGIA,2004,51104,8918129,0.573034994
HAWAII,2004,5555,1262124,0.440131081
IDAHO,2004,5758,1395140,0.412718437
ILLINOIS,2004,44054,12712016,0.346554001
INDIANA,2004,21984,6226537,0.353069451
IOWA,2004,8525,2952904,0.288698854
KANSAS,2004,8991,2733697,0.328895265
KENTUCKY,2004,13322,4141835,0.321644875
LOUISIANA,2004,19470,4506685,0.43202487
MAINE,2004,2013,1314985,0.153081594
MARYLAND,2004,23289,5561332,0.418766583
MASSACHUSETTS,2004,9825,6407382,0.153338758
MICHIGAN,2004,48831,10104206,0.483273995
MINNESOTA,2004,7983,5096546,0.156635494
MISSISSIPPI,2004,16359,2900768,0.563954098
MISSOURI,2004,30682,5759532,0.532716894
MONTANA,2004,2703,926920,0.291610927
NEBRASKA,2004,4137,1747704,0.236710564
NEVADA,2004,11033,2332898,0.472931093
NEW HAMPSHIRE,2004,2443,1299169,0.18804328
NEW JERSEY,2004,25435,8685166,0.292855658
NEW MEXICO,2004,6403,1903006,0.336467673
NEW YORK,2004,64024,19280727,0.332062168
NORTH CAROLINA,2004,35544,8540468,0.416183282
NORTH DAKOTA,2004,1130,636308,0.177586955
OHIO,2004,44150,11450143,0.385584704
OKLAHOMA,2004,22621,3523546,0.641995308
OREGON,2004,12652,3591363,0.352289646
PENNSYLVANIA,2004,40506,12394471,0.326807009
RHODE ISLAND,2004,3169,1079916,0.29344875
SOUTH CAROLINA,2004,22650,4197892,0.53955652
SOUTH DAKOTA,2004,3053,770621,0.396173995
TENNESSEE,2004,19331,5893298,0.328016672
TEXAS,2004,156682,22471549,0.697246104
UTAH,2004,4720,2420708,0.194984277
VERMONT,2004,1968,621233,0.316789353
VIRGINIA,2004,31072,7481332,0.41532711
WASHINGTON,2004,16503,6207046,0.265875265
WEST VIRGINIA,2004,3990,1812548,0.220132101
WISCONSIN,2004,22152,5503533,0.402505082
WYOMING,2004,1765,505887,0.348892144
ALABAMA,2005,24315,4548327,0.53459217
ALASKA,2005,4798,663253,0.723404191
ARIZONA,2005,33345,5953007,0.560137087
ARKANSAS,2005,12455,2775708,0.448714346
CALIFORNIA,2005,168035,36154147,0.464773792
COLORADO,2005,21063,4663295,0.451676336
CONNECTICUT,2005,17928,3500701,0.512126
DELAWARE,2005,6788,841741,0.806423829
FLORIDA,2005,86559,17768191,0.487157077
GEORGIA,2005,48749,9132553,0.533793781
HAWAII,2005,5739,1273278,0.450726393
IDAHO,2005,6249,1429367,0.437186531
ILLINOIS,2005,44919,12765427,0.351880121
INDIANA,2005,22760,6266019,0.363229029
IOWA,2005,8737,2965524,0.294619096
KANSAS,2005,9090,2748172,0.330765323
KENTUCKY,2005,14904,4172608,0.35718668
LOUISIANA,2005,19371,4507331,0.429766529
MAINE,2005,1970,1318220,0.149443947
MARYLAND,2005,22553,5589599,0.403481538
MASSACHUSETTS,2005,10348,6433367,0.160848899
MICHIGAN,2005,49493,10100833,0.489989291
MINNESOTA,2005,8718,5126739,0.170049616
MISSISSIPPI,2005,16089,2908496,0.553172499
MISSOURI,2005,30415,5797703,0.524604313
MONTANA,2005,2822,934737,0.301903102
NEBRASKA,2005,4405,1758163,0.250545598
NEVADA,2005,11662,2412301,0.483438841
NEW HAMPSHIRE,2005,2423,1306819,0.185412058
NEW JERSEY,2005,25619,8703150,0.294364684
NEW MEXICO,2005,6571,1925985,0.341176074
NEW YORK,2005,63032,19315721,0.326324863
NORTH CAROLINA,2005,36646,8672459,0.422556048
NORTH DAKOTA,2005,1318,634605,0.207688247
OHIO,2005,45189,11470685,0.393952061
OKLAHOMA,2005,22907,3543442,0.64646183
OREGON,2005,12887,3638871,0.354148306
PENNSYLVANIA,2005,41941,12405348,0.338088057
RHODE ISLAND,2005,3414,1073579,0.318001749
SOUTH CAROLINA,2005,22456,4246933,0.528758047
SOUTH DAKOTA,2005,3346,774883,0.431807124
TENNESSEE,2005,19270,5955745,0.323553141
TEXAS,2005,157081,22928508,0.685090369
UTAH,2005,5058,2490334,0.203105286
VERMONT,2005,2078,622387,0.333875868
VIRGINIA,2005,30722,7564327,0.406143203
WASHINGTON,2005,16781,6291899,0.266708032
WEST VIRGINIA,2005,4036,1814083,0.222481551
WISCONSIN,2005,21921,5527644,0.396570401
WYOMING,2005,2096,508798,0.411951305
ALABAMA,2006,24103,4599030,0.524088775
ALASKA,2006,5052,670053,0.753970208
ARIZONA,2006,35752,6166318,0.579794944
ARKANSAS,2006,12854,2810872,0.457295814
CALIFORNIA,2006,172298,36457549,0.472598967
COLORADO,2006,22051,4753377,0.463901769
CONNECTICUT,2006,18902,3504809,0.539316123
DELAWARE,2006,7021,853476,0.822635903
FLORIDA,2006,90377,18089888,0.499599555
GEORGIA,2006,52792,9363941,0.563779716
HAWAII,2006,5510,1285498,0.42862766
IDAHO,2006,6665,1466465,0.454494311
ILLINOIS,2006,45106,12831970,0.351512667
INDIANA,2006,24901,6313520,0.394407557
IOWA,2006,8838,2982085,0.296369822
KANSAS,2006,8833,2764075,0.319564411
KENTUCKY,2006,15589,4206074,0.370630664
LOUISIANA,2006,20815,4287768,0.485450705
MAINE,2006,2083,1321574,0.157615086
MARYLAND,2006,22662,5615727,0.403545258
MASSACHUSETTS,2006,10773,6437193,0.167355554
MICHIGAN,2006,51515,10095643,0.510269628
MINNESOTA,2006,8814,5167101,0.170579209
MISSISSIPPI,2006,16384,2910540,0.562919596
MISSOURI,2006,30116,5842713,0.515445479
MONTANA,2006,2948,944632,0.312079201
NEBRASKA,2006,4399,1768331,0.248765644
NEVADA,2006,12754,2495529,0.511074005
NEW HAMPSHIRE,2006,2676,1314895,0.203514349
NEW JERSEY,2006,25554,8724560,0.292897292
NEW MEXICO,2006,6639,1954599,0.339660462
NEW YORK,2006,63538,19306183,0.329107002
NORTH CAROLINA,2006,37725,8856505,0.425958095
NORTH DAKOTA,2006,1337,635867,0.210264096
OHIO,2006,48482,11478006,0.42239044
OKLAHOMA,2006,22873,3579212,0.639051277
OREGON,2006,13191,3700758,0.356440491
PENNSYLVANIA,2006,43971,12440621,0.353446986
RHODE ISLAND,2006,3713,1067610,0.347786177
SOUTH CAROLINA,2006,22930,4321249,0.53063362
SOUTH DAKOTA,2006,3316,781919,0.424084848
TENNESSEE,2006,19312,6038803,0.319798477
TEXAS,2006,158510,23507783,0.67428732
UTAH,2006,5031,2550063,0.197289243
VERMONT,2006,2215,623908,0.355020291
VIRGINIA,2006,30823,7642884,0.403290172
WASHINGTON,2006,16827,6395798,0.263094613
WEST VIRGINIA,2006,4367,1818470,0.240146937
WISCONSIN,2006,22564,5556506,0.406082527
WYOMING,2006,2035,515004,0.395142562
ALABAMA,2007,25253,4627851,0.545674439
ALASKA,2007,5151,683478,0.753645326
ARIZONA,2007,37700,6338755,0.594754017
ARKANSAS,2007,13275,2834797,0.4682875
CALIFORNIA,2007,171444,36553215,0.469025775
COLORADO,2007,22666,4861515,0.466233263
CONNECTICUT,2007,19438,3502309,0.555005284
DELAWARE,2007,7110,864764,0.822189638
FLORIDA,2007,95187,18251243,0.521537081
GEORGIA,2007,54256,9544750,0.568438147
HAWAII,2007,5457,1283388,0.425202667
IDAHO,2007,7055,1499402,0.470520914
ILLINOIS,2007,45215,12852548,0.351797947
INDIANA,2007,25137,6345289,0.396152169
IOWA,2007,8692,2988046,0.290892443
KANSAS,2007,8721,2775997,0.3141574
KENTUCKY,2007,15364,4241474,0.362232563
LOUISIANA,2007,20461,4293204,0.476590444
MAINE,2007,2148,1317207,0.163072319
MARYLAND,2007,23184,5618344,0.412648282
MASSACHUSETTS,2007,11071,6449755,0.171649931
MICHIGAN,2007,50233,10071822,0.498747893
MINNESOTA,2007,9192,5197621,0.17685014
MISSISSIPPI,2007,17478,2918785,0.598810807
MISSOURI,2007,29823,5878415,0.507330632
MONTANA,2007,2909,957861,0.303697509
NEBRASKA,2007,4402,1774571,0.248059954
NEVADA,2007,13311,2565382,0.518870094
NEW HAMPSHIRE,2007,2759,1315828,0.209677861
NEW JERSEY,2007,25354,8685920,0.291897692
NEW MEXICO,2007,6429,1969915,0.326359259
NEW YORK,2007,62738,19297729,0.325105612
NORTH CAROLINA,2007,38240,9061032,0.422026983
NORTH DAKOTA,2007,1392,639715,0.217596899
OHIO,2007,49894,11466917,0.435112594
OKLAHOMA,2007,23778,3617316,0.657338203
OREGON,2007,13373,3747455,0.356855519
PENNSYLVANIA,2007,45530,12432792,0.366208974
RHODE ISLAND,2007,3745,1057832,0.35402597
SOUTH CAROLINA,2007,23578,4407709,0.534926421
SOUTH DAKOTA,2007,3276,796214,0.411447174
TENNESSEE,2007,19268,6156719,0.312958899
TEXAS,2007,158576,23904380,0.663376335
UTAH,2007,5165,2645330,0.195249742
VERMONT,2007,2116,621254,0.340601429
VIRGINIA,2007,32977,7712091,0.427601282
WASHINGTON,2007,16911,6468424,0.261439262
WEST VIRGINIA,2007,4907,1812035,0.270800509
WISCONSIN,2007,22839,5601640,0.407719882
WYOMING,2007,1927,522830,0.368571046
ALABAMA,2008,25363,4661900,0.544048564
ALASKA,2008,4997,686293,0.728114668
ARIZONA,2008,39455,6500180,0.606983191
ARKANSAS,2008,13135,2855390,0.460007214
CALIFORNIA,2008,171085,36756666,0.465452987
COLORADO,2008,23211,4939456,0.469910047
CONNECTICUT,2008,19905,3501252,0.568510921
DELAWARE,2008,6944,873092,0.795334283
FLORIDA,2008,99878,18328340,0.544937512
GEORGIA,2008,52719,9685744,0.54429479
HAWAII,2008,5455,1288198,0.423459748
IDAHO,2008,7033,1523816,0.461538663
ILLINOIS,2008,45474,12901563,0.352468922
INDIANA,2008,26392,6376792,0.413875817
IOWA,2008,8723,3002555,0.290519241
KANSAS,2008,8556,2802134,0.305338717
KENTUCKY,2008,15260,4269245,0.35744025
LOUISIANA,2008,20857,4410796,0.472862495
MAINE,2008,2047,1316456,0.155493233
MARYLAND,2008,23141,5633597,0.410767756
MASSACHUSETTS,2008,11174,6497967,0.171961477
MICHIGAN,2008,48738,10003422,0.487213276
MINNESOTA,2008,9031,5220393,0.172994639
MISSISSIPPI,2008,17896,2938618,0.608993751
MISSOURI,2008,30137,5911605,0.509793872
MONTANA,2008,2910,967440,0.300793848
NEBRASKA,2008,4470,1783432,0.250640338
NEVADA,2008,12877,2600167,0.495237421
NEW HAMPSHIRE,2008,2854,1315809,0.216900781
NEW JERSEY,2008,24835,8682661,0.286029824
NEW MEXICO,2008,6321,1984356,0.318541633
NEW YORK,2008,60198,19490297,0.308861379
NORTH CAROLINA,2008,39957,9222414,0.433259665
NORTH DAKOTA,2008,1379,641481,0.214971293
OHIO,2008,50884,11485910,0.443012352
OKLAHOMA,2008,23676,3642361,0.650017942
OREGON,2008,13541,3790060,0.357276666
PENNSYLVANIA,2008,48736,12448279,0.391507935
RHODE ISLAND,2008,3739,1050788,0.355828198
SOUTH CAROLINA,2008,23685,4479800,0.528706639
SOUTH DAKOTA,2008,3352,804194,0.416814848
TENNESSEE,2008,19379,6214888,0.311815756
TEXAS,2008,159237,24326974,0.654569697
UTAH,2008,5132,2736424,0.187544036
VERMONT,2008,2116,621270,0.340592657
VIRGINIA,2008,32585,7769089,0.419418544
WASHINGTON,2008,17188,6549224,0.262443306
WEST VIRGINIA,2008,4896,1814468,0.269831157
WISCONSIN,2008,22282,5627967,0.395915612
WYOMING,2008,1704,532668,0.319899074
ALABAMA,2009,27241,4708708,0.578523875
ALASKA,2009,5472,698473,0.783423268
ARIZONA,2009,40544,6595778,0.61469625
ARKANSAS,2009,13338,2889450,0.461610341
CALIFORNIA,2009,168830,36961664,0.456770561
COLORADO,2009,22725,5024748,0.452261487
CONNECTICUT,2009,18938,3518288,0.53827316
DELAWARE,2009,6581,885122,0.743513324
FLORIDA,2009,101373,18537969,0.54683984
GEORGIA,2009,53538,9829211,0.544682579
HAWAII,2009,4848,1295178,0.374311485
IDAHO,2009,7184,1545801,0.464742874
ILLINOIS,2009,45161,12910409,0.349803016
INDIANA,2009,26748,6423113,0.416433589
IOWA,2009,8914,3007856,0.296357272
KANSAS,2009,8644,2818747,0.30666108
KENTUCKY,2009,14984,4314113,0.347325163
LOUISIANA,2009,19889,4492076,0.442757424
MAINE,2009,2074,1318301,0.157323707
MARYLAND,2009,22066,5699478,0.387158263
MASSACHUSETTS,2009,11156,6593587,0.169194704
MICHIGAN,2009,45478,9969727,0.456160936
MINNESOTA,2009,9500,5266214,0.180395252
MISSISSIPPI,2009,17212,2951996,0.583063121
MISSOURI,2009,30519,5987580,0.50970509
MONTANA,2009,3085,974989,0.316413826
NEBRASKA,2009,4490,1796619,0.249913866
NEVADA,2009,12570,2643085,0.475580619
NEW HAMPSHIRE,2009,2915,1324575,0.220070589
NEW JERSEY,2009,24115,8707739,0.276937561
NEW MEXICO,2009,6584,2009671,0.327615814
NEW YORK,2009,58479,19541453,0.299256151
NORTH CAROLINA,2009,40133,9380884,0.427816824
NORTH DAKOTA,2009,1436,646844,0.222000977
OHIO,2009,50783,11542645,0.439959819
OKLAHOMA,2009,24053,3687050,0.652364356
OREGON,2009,13735,3825657,0.3590233
PENNSYLVANIA,2009,50485,12604767,0.400523072
RHODE ISLAND,2009,3413,1053209,0.324057238
SOUTH CAROLINA,2009,23685,4561242,0.519266463
SOUTH DAKOTA,2009,3390,812383,0.417290859
TENNESSEE,2009,19932,6296254,0.316569185
TEXAS,2009,158542,24782302,0.639738794
UTAH,2009,5244,2784572,0.188323376
VERMONT,2009,2220,621760,0.357050952
VIRGINIA,2009,30995,7882590,0.393208324
WASHINGTON,2009,17255,6664195,0.258920995
WEST VIRGINIA,2009,5062,1819777,0.278165951
WISCONSIN,2009,22262,5654774,0.393685053
WYOMING,2009,1743,544270,0.320245466
ALABAMA,2010,27345,4785401,0.571425467
ALASKA,2010,5369,714146,0.751807053
ARIZONA,2010,40130,6413158,0.625744758
ARKANSAS,2010,14192,2921588,0.485763222
CALIFORNIA,2010,162821,37338198,0.436070857
COLORADO,2010,22752,5047692,0.450740655
CONNECTICUT,2010,18629,3575498,0.521018331
DELAWARE,2010,6378,899792,0.708830485
FLORIDA,2010,102070,18838613,0.541812712
GEORGIA,2010,52794,9712157,0.543586765
HAWAII,2010,5294,1363359,0.388305648
IDAHO,2010,7235,1571102,0.460504792
ILLINOIS,2010,48418,12841980,0.377029087
INDIANA,2010,27273,6490622,0.420190854
IOWA,2010,9457,3050202,0.31004504
KANSAS,2010,9055,2859143,0.316703292
KENTUCKY,2010,14501,4347223,0.333569269
LOUISIANA,2010,19008,4545343,0.418186262
MAINE,2010,1954,1327379,0.147207391
MARYLAND,2010,22856,5785681,0.395044248
MASSACHUSETTS,2010,11162,6555466,0.170270123
MICHIGAN,2010,44113,9877143,0.446617003
MINNESOTA,2010,9397,5310658,0.176946058
MISSISSIPPI,2010,16454,2970072,0.553993304
MISSOURI,2010,30577,5995715,0.509980878
MONTANA,2010,3137,990958,0.316562357
NEBRASKA,2010,4608,1830141,0.251783879
NEVADA,2010,12192,2704283,0.450840389
NEW HAMPSHIRE,2010,2617,1316807,0.198738312
NEW JERSEY,2010,24488,8799593,0.278285598
NEW MEXICO,2010,6659,2065913,0.322327223
NEW YORK,2010,56420,19395206,0.290896627
NORTH CAROLINA,2010,40375,9560234,0.422322299
NORTH DAKOTA,2010,1416,674629,0.209893141
OHIO,2010,51709,11537968,0.448163836
OKLAHOMA,2010,24147,3760184,0.642176021
OREGON,2010,13859,3838332,0.361068297
PENNSYLVANIA,2010,48087,12717722,0.378110168
RHODE ISLAND,2010,3159,1052528,0.300134533
SOUTH CAROLINA,2010,23009,4637106,0.4961931
SOUTH DAKOTA,2010,3393,816598,0.415504324
TENNESSEE,2010,20037,6357436,0.315174231
TEXAS,2010,160242,25253466,0.634534681
UTAH,2010,5442,2775479,0.196074263
VERMONT,2010,2079,625909,0.332156911
VIRGINIA,2010,31911,8023953,0.397696746
WASHINGTON,2010,17028,6742950,0.252530421
WEST VIRGINIA,2010,5072,1854368,0.273516368
WISCONSIN,2010,22033,5691659,0.387110331
WYOMING,2010,2092,564554,0.370557998
ALABAMA,2011,26813,4803689,0.558175186
ALASKA,2011,6216,723860,0.858729589
ARIZONA,2011,39949,6467315,0.617706111
ARKANSAS,2011,14090,2938582,0.479482962
CALIFORNIA,2011,147578,37683933,0.391620482
COLORADO,2011,21862,5116302,0.427300812
CONNECTICUT,2011,17877,3586717,0.498422373
DELAWARE,2011,6546,908137,0.720816353
FLORIDA,2011,100861,19082262,0.528558931
GEORGIA,2011,52844,9812460,0.538539775
HAWAII,2011,5454,1378129,0.395753953
IDAHO,2011,7470,1583744,0.471667138
ILLINOIS,2011,48427,12859752,0.376578024
INDIANA,2011,27402,6516353,0.420511289
IOWA,2011,9115,3064097,0.297477528
KANSAS,2011,9330,2870386,0.325043391
KENTUCKY,2011,14001,4366814,0.32062277
LOUISIANA,2011,18844,4574766,0.411911779
MAINE,2011,1978,1328544,0.148884794
MARYLAND,2011,23001,5839572,0.393881606
MASSACHUSETTS,2011,11467,6607003,0.173558268
MICHIGAN,2011,42904,9876801,0.434391662
MINNESOTA,2011,9309,5347299,0.17408789
MISSISSIPPI,2011,15390,2977457,0.516884039
MISSOURI,2011,30969,6008984,0.515378307
MONTANA,2011,3125,997667,0.313230767
NEBRASKA,2011,4657,1842234,0.252790905
NEVADA,2011,12159,2720028,0.447017457
NEW HAMPSHIRE,2011,2423,1317807,0.183866074
NEW JERSEY,2011,23642,8834773,0.267601669
NEW MEXICO,2011,6687,2078674,0.321695465
NEW YORK,2011,55196,19501616,0.283032955
NORTH CAROLINA,2011,39662,9651103,0.410958209
NORTH DAKOTA,2011,1385,684740,0.202266554
OHIO,2011,50961,11541007,0.441564588
OKLAHOMA,2011,23750,3784163,0.627615671
OREGON,2011,13728,3868229,0.354891088
PENNSYLVANIA,2011,49710,12743948,0.390067505
RHODE ISLAND,2011,3032,1050646,0.288584357
SOUTH CAROLINA,2011,22363,4673348,0.478522036
SOUTH DAKOTA,2011,3562,823593,0.432495177
TENNESSEE,2011,19831,6399787,0.309869688
TEXAS,2011,159956,25631778,0.62405347
UTAH,2011,5294,2814347,0.188107579
VERMONT,2011,2053,626592,0.327645422
VIRGINIA,2011,30531,8104384,0.376722031
WASHINGTON,2011,17109,6823267,0.250744988
WEST VIRGINIA,2011,5149,1854908,0.277587891
WISCONSIN,2011,22388,5709843,0.392094844
WYOMING,2011,2162,567356,0.381065856
ALABAMA,2012,26768,4817528,0.555637663
ALASKA,2012,6308,730307,0.863746342
ARIZONA,2012,40013,6551149,0.610778354
ARKANSAS,2012,14043,2949828,0.476061655
CALIFORNIA,2012,132935,37999878,0.349830071
COLORADO,2012,20328,5189458,0.391717208
CONNECTICUT,2012,17164,3591765,0.477870907
DELAWARE,2012,6730,917053,0.733872524
FLORIDA,2012,99835,19320749,0.516724274
GEORGIA,2012,55178,9915646,0.556474081
HAWAII,2012,5297,1390090,0.381054464
IDAHO,2012,7715,1595590,0.483520203
ILLINOIS,2012,49348,12868192,0.383488217
INDIANA,2012,28034,6537782,0.428799859
IOWA,2012,8735,3075039,0.284061438
KANSAS,2012,9505,2885398,0.329417294
KENTUCKY,2012,12998,4379730,0.296776285
LOUISIANA,2012,18601,4602134,0.40418206
MAINE,2012,1977,1328501,0.14881434
MARYLAND,2012,21810,5884868,0.370611541
MASSACHUSETTS,2012,11127,6645303,0.167441575
MICHIGAN,2012,43594,9882519,0.441122349
MINNESOTA,2012,9421,5379646,0.175123047
MISSISSIPPI,2012,15791,2986450,0.528754876
MISSOURI,2012,31205,6024522,0.517966405
MONTANA,2012,3095,1005494,0.307808898
NEBRASKA,2012,4721,1855350,0.254453338
NEVADA,2012,12594,2754354,0.457239701
NEW HAMPSHIRE,2012,2568,1321617,0.194307428
NEW JERSEY,2012,23050,8867749,0.259930677
NEW MEXICO,2012,6640,2083540,0.318688386
NEW YORK,2012,54058,19576125,0.276142495
NORTH CAROLINA,2012,37378,9748364,0.38342844
NORTH DAKOTA,2012,1413,701345,0.201470033
OHIO,2012,50872,11553031,0.440334662
OKLAHOMA,2012,24370,3815780,0.638663655
OREGON,2012,14123,3899801,0.362146684
PENNSYLVANIA,2012,50228,12764475,0.393498362
RHODE ISLAND,2012,3042,1050304,0.289630431
SOUTH CAROLINA,2012,21867,4723417,0.462948751
SOUTH DAKOTA,2012,3596,834047,0.431150762
TENNESSEE,2012,19817,6454914,0.307006414
TEXAS,2012,155195,26060796,0.595511357
UTAH,2012,5309,2854871,0.185962868
VERMONT,2012,2034,625953,0.324944525
VIRGINIA,2012,29708,8186628,0.36288445
WASHINGTON,2012,16919,6895318,0.245369394
WEST VIRGINIA,2012,5335,1856680,0.287340845
WISCONSIN,2012,22419,5724554,0.391628763
WYOMING,2012,2187,576626,0.379275301
ALABAMA,2013,26825,4833996,0.554923918
ALASKA,2013,5081,737259,0.689174361
ARIZONA,2013,41031,6634997,0.618402691
ARKANSAS,2013,14295,2958765,0.48314077
CALIFORNIA,2013,134339,38431393,0.349555375
COLORADO,2013,20184,5272086,0.382846562
CONNECTICUT,2013,17319,3599341,0.481171414
DELAWARE,2013,6798,925240,0.734728287
FLORIDA,2013,100940,19600311,0.514991828
GEORGIA,2013,53701,9994759,0.537291595
HAWAII,2013,5173,1408987,0.367143203
IDAHO,2013,7219,1612843,0.447594713
ILLINOIS,2013,48653,12890552,0.377431471
INDIANA,2013,28495,6570713,0.433666788
IOWA,2013,8707,3092341,0.281566619
KANSAS,2013,9610,2895801,0.33185982
KENTUCKY,2013,12141,4399583,0.275957971
LOUISIANA,2013,18794,4629284,0.405980709
MAINE,2013,2073,1328702,0.156016925
MARYLAND,2013,21705,5938737,0.365481751
MASSACHUSETTS,2013,10622,6708874,0.158327612
MICHIGAN,2013,43704,9898193,0.441535137
MINNESOTA,2013,9391,5422060,0.173199854
MISSISSIPPI,2013,15591,2992206,0.521053698
MISSOURI,2013,31499,6044917,0.521082423
MONTANA,2013,3125,1014864,0.307923032
NEBRASKA,2013,5012,1868969,0.268169242
NEVADA,2013,12789,2791494,0.458141769
NEW HAMPSHIRE,2013,2623,1322616,0.198319089
NEW JERSEY,2013,22263,8911502,0.249823206
NEW MEXICO,2013,6767,2086895,0.324261642
NEW YORK,2013,53312,19695680,0.270678646
NORTH CAROLINA,2013,37176,9848917,0.377462822
NORTH DAKOTA,2013,1576,723857,0.217722561
OHIO,2013,51711,11572005,0.446862925
OKLAHOMA,2013,25364,3853118,0.65827208
OREGON,2013,14605,3928068,0.371811282
PENNSYLVANIA,2013,49971,12781296,0.390969742
RHODE ISLAND,2013,3168,1053354,0.300753593
SOUTH CAROLINA,2013,21534,4771929,0.451264049
SOUTH DAKOTA,2013,3612,845510,0.427197786
TENNESSEE,2013,20758,6497269,0.31948808
TEXAS,2013,155377,26505637,0.586203606
UTAH,2013,5382,2902787,0.185408023
VERMONT,2013,2078,626855,0.33149612
VIRGINIA,2013,29985,8270345,0.362560449
WASHINGTON,2013,17760,6973742,0.254669588
WEST VIRGINIA,2013,5708,1853595,0.307942134
WISCONSIN,2013,22443,5742953,0.390791985
WYOMING,2013,2288,583223,0.392302773
ALABAMA,2014,26145,4849377,0.53914142
ALASKA,2014,6323,736732,0.858249676
ARIZONA,2014,42136,6731484,0.625954099
ARKANSAS,2014,15250,2966369,0.514096527
CALIFORNIA,2014,134430,38802500,0.34644675
COLORADO,2014,20469,5355866,0.382179091
CONNECTICUT,2014,16814,3596677,0.467487072
DELAWARE,2014,6730,935614,0.719313734
FLORIDA,2014,100873,19893297,0.507070296
GEORGIA,2014,52719,10097343,0.522107648
HAWAII,2014,5390,1419561,0.379694849
IDAHO,2014,7497,1634464,0.458682479
ILLINOIS,2014,48278,12880580,0.374812314
INDIANA,2014,32493,6596855,0.492552891
IOWA,2014,8845,3107126,0.284668211
KANSAS,2014,9539,2904021,0.328475586
KENTUCKY,2014,12114,4413457,0.274478714
LOUISIANA,2014,18710,4649676,0.402393629
MAINE,2014,2199,1330089,0.165327283
MARYLAND,2014,21266,5976407,0.355832526
MASSACHUSETTS,2014,10447,6745408,0.154875732
MICHIGAN,2014,43359,9909877,0.43753318
MINNESOTA,2014,9576,5457173,0.175475471
MISSISSIPPI,2014,13069,2994079,0.436494829
MISSOURI,2014,31903,6063589,0.526140542
MONTANA,2014,3119,1023579,0.304715122
NEBRASKA,2014,5228,1881503,0.277862964
NEVADA,2014,12693,2839099,0.447078457
NEW HAMPSHIRE,2014,2723,1326813,0.205228619
NEW JERSEY,2014,21394,8938175,0.239355349
NEW MEXICO,2014,6948,2085572,0.333146015
NEW YORK,2014,52362,19746227,0.265174709
NORTH CAROLINA,2014,37348,9943964,0.375584626
NORTH DAKOTA,2014,1696,739482,0.229349734
OHIO,2014,51521,11594163,0.444370154
OKLAHOMA,2014,26493,3878051,0.683152439
OREGON,2014,14492,3970239,0.365015809
PENNSYLVANIA,2014,49174,12787209,0.384556161
RHODE ISLAND,2014,3133,1055173,0.296918136
SOUTH CAROLINA,2014,20948,4832482,0.433483249
SOUTH DAKOTA,2014,3507,853175,0.411052832
TENNESSEE,2014,20815,6549352,0.317817702
TEXAS,2014,154247,26956958,0.572197353
UTAH,2014,5307,2942902,0.180332203
VERMONT,2014,1979,626562,0.315850626
VIRGINIA,2014,30050,8326289,0.36090508
WASHINGTON,2014,17180,7061530,0.243290052
WEST VIRGINIA,2014,5867,1850326,0.317079261
WISCONSIN,2014,22572,5757564,0.392040801
WYOMING,2014,2369,584153,0.405544438
ALABAMA,2015,25212,4858979,0.518874438
ALASKA,2015,5247,738432,0.710559672
ARIZONA,2015,42204,6828065,0.618096049
ARKANSAS,2015,15784,2978204,0.529983843
CALIFORNIA,2015,127815,39144818,0.326518315
COLORADO,2015,19959,5456574,0.365778967
CONNECTICUT,2015,16024,3590886,0.446240844
DELAWARE,2015,6437,945934,0.680491451
FLORIDA,2015,99485,20271272,0.490768414
GEORGIA,2015,52002,10214860,0.509081867
HAWAII,2015,5413,1431603,0.378107618
IDAHO,2015,7238,1654930,0.437359888
ILLINOIS,2015,46240,12859995,0.359564681
INDIANA,2015,26586,6619680,0.401620622
IOWA,2015,8864,3123899,0.28374797
KANSAS,2015,9533,2911641,0.32740987
KENTUCKY,2015,11959,4425092,0.270254268
LOUISIANA,2015,18447,4670724,0.394949477
MAINE,2015,2190,1329328,0.164744894
MARYLAND,2015,20951,6006401,0.34881121
MASSACHUSETTS,2015,9493,6794422,0.139717551
MICHIGAN,2015,42628,9922576,0.429606183
MINNESOTA,2015,9578,5489594,0.174475562
MISSISSIPPI,2015,13967,2992333,0.466759548
MISSOURI,2015,32295,6083672,0.530847159
MONTANA,2015,3176,1032949,0.307469197
NEBRASKA,2015,5133,1896190,0.270700721
NEVADA,2015,13235,2890845,0.457824615
NEW HAMPSHIRE,2015,2661,1330608,0.199983767
NEW JERSEY,2015,20294,8958013,0.226545775
NEW MEXICO,2015,7104,2085109,0.340701613
NEW YORK,2015,51485,,#DIV/0!
NORTH CAROLINA,2015,36888,10042802,0.367307849
NORTH DAKOTA,2015,1772,756927,0.234104478
OHIO,2015,52240,11613423,0.449824311
OKLAHOMA,2015,27321,3911338,0.698507774
OREGON,2015,14655,4028977,0.363739977
PENNSYLVANIA,2015,48846,12802503,0.381534767
RHODE ISLAND,2015,2982,1056298,0.282306698
SOUTH CAROLINA,2015,20457,4896146,0.417818423
SOUTH DAKOTA,2015,3536,858469,0.411896061
TENNESSEE,2015,19800,6600299,0.29998641
TEXAS,2015,152492,27469114,0.555139856
UTAH,2015,4831,2995919,0.161252691
VERMONT,2015,1750,626042,0.279533961
VIRGINIA,2015,30430,8382993,0.362996844
WASHINGTON,2015,17222,7170351,0.2401835
WEST VIRGINIA,2015,5925,1844128,0.321290062
WISCONSIN,2015,22914,5771337,0.397031052
WYOMING,2015,2400,586107,0.409481545
ALABAMA,2016,23745,4860545,0.488525464
ALASKA,2016,4378,741522,0.590407297
ARIZONA,2016,42248,6908642,0.611523943
ARKANSAS,2016,15833,2988231,0.52984525
CALIFORNIA,2016,129416,39296476,0.32933233
COLORADO,2016,19486,5530105,0.352362207
CONNECTICUT,2016,15040,3587685,0.419211832
DELAWARE,2016,6334,952698,0.664848672
FLORIDA,2016,98010,20656589,0.474473302
GEORGIA,2016,53433,10313620,0.518081915
HAWAII,2016,5182,1428683,0.362711672
IDAHO,2016,7221,1680026,0.429814777
ILLINOIS,2016,43616,12835726,0.339801582
INDIANA,2016,25143,6634007,0.37900171
IOWA,2016,9049,3130869,0.289025188
KANSAS,2016,9653,2907731,0.331977064
KENTUCKY,2016,11867,4436113,0.267508966
LOUISIANA,2016,15059,4686157,0.321350736
MAINE,2016,2356,1330232,0.177111962
MARYLAND,2016,20236,6024752,0.335881045
MASSACHUSETTS,2016,9038,6823721,0.132449729
MICHIGAN,2016,41122,9933445,0.413975212
MINNESOTA,2016,9509,5525050,0.17210704
MISSISSIPPI,2016,13720,2985415,0.459567598
MISSOURI,2016,32427,6091176,0.532360254
MONTANA,2016,3199,1038656,0.307994177
NEBRASKA,2016,5167,1907603,0.270863487
NEVADA,2016,13932,2939254,0.473997824
NEW HAMPSHIRE,2016,2599,1335015,0.194679461
NEW JERSEY,2016,19458,8978416,0.216719742
NEW MEXICO,2016,6996,2085432,0.335470061
NEW YORK,2016,50611,19836286,0.255143528
NORTH CAROLINA,2016,35970,10156689,0.354150846
NORTH DAKOTA,2016,1639,755548,0.21692864
OHIO,2016,52172,11622554,0.448885847
OKLAHOMA,2016,26367,3921207,0.672420507
OREGON,2016,14579,4085989,0.356804681
PENNSYLVANIA,2016,48287,12787085,0.377623203
RHODE ISLAND,2016,2887,1057566,0.272985327
SOUTH CAROLINA,2016,20376,4959822,0.410821195
SOUTH DAKOTA,2016,3770,861542,0.437587488
TENNESSEE,2016,21539,6649404,0.323923768
TEXAS,2016,151276,27904862,0.542113414
UTAH,2016,4502,3044321,0.147881909
VERMONT,2016,1735,623354,0.278333018
VIRGINIA,2016,29882,8414380,0.355130146
WASHINGTON,2016,17228,7280934,0.236617994
WEST VIRGINIA,2016,5899,1828637,0.322589995
WISCONSIN,2016,23163,5772917,0.401235632
WYOMING,2016,2352,584910,0.402113146