,Deaths,Population,Overdose Rate,Unemployment Rate,Median Income,prisoner_count,incarceration rate (%)
0,216,4467634,4.8915,5.1,49973,24741,0.553624685
1,211,4480089,4.7619,4.5,54555,25100,0.560405957
2,197,4503491,4.4333,3.3,63938,27614,0.613136767
3,283,4530729,6.3542,2.6,68718,25635,0.566472392
4,283,4569805,6.332999999999999,3.0,59892,24315,0.53459217
5,398,4628981,8.7498,4.4,70145,24103,0.524088775
6,511,4672840,11.0885,4.9,58728,25253,0.545674439
7,607,4718206,12.9811,5.4,80108,25363,0.544048564
8,630,4757938,13.6077,3.9,55821,27241,0.578523875
9,547,4779736,11.7688,3.9,54644,27345,0.571425467
10,552,4802740,11.7632,3.4,65012,26813,0.558175186
11,562,4822023,12.0706,2.9,72812,26768,0.555637663
12,598,4833722,12.7176,3.1,73034,26825,0.554923918
13,723,4849377,15.1532,5.2,70489,26145,0.53914142
14,736,4858979,15.6639,4.6,49781,25212,0.518874438
15,756,4863300,16.2075,4.4,62283,23745,0.488525464
16,62,633714,9.3983,4.4,64524,4570,0.721241103
17,84,642337,12.1995,5.5,69165,4351,0.678273124
18,83,648414,12.7245,3.5,54434,4472,0.689825384
19,86,659286,12.7164,4.3,61633,4534,0.68931441
20,79,666946,11.3744,3.3,66505,4798,0.723404191
21,76,675302,11.0604,3.2,53369,5052,0.753970208
22,72,680300,10.0941,5.2,67274,5151,0.753645326
23,127,687455,18.1345,5.6,48283,4997,0.728114668
24,131,698895,17.8528,4.5,74176,5472,0.783423268
25,83,710231,11.5962,2.7,81346,5369,0.751807053
26,107,722718,14.2364,4.0,61864,6216,0.858729589
27,129,731449,17.4251,2.8,67575,6308,0.863746342
28,105,735132,14.3519,5.3,57679,5081,0.689174361
29,124,736732,16.7585,3.3,61726,6323,0.858249676
30,122,738432,15.9606,5.1,42781,5247,0.710559672
31,128,741894,16.8331,2.8,71817,4378,0.590407297
32,552,5273477,10.9008,3.7,62318,27710,0.522143914
33,624,5396255,12.005,2.4,72780,29359,0.539575915
34,674,5510364,12.7405,2.8,74172,31084,0.557138612
35,744,5652404,13.6816,4.9,69759,32384,0.564193078
36,794,5839077,14.135,4.3,48829,33345,0.560137087
37,876,6029141,14.9163,4.0,61125,35752,0.579794944
38,943,6167681,15.7117,6.4,72231,37700,0.594754017
39,828,6280362,13.5455,4.6,51113,39455,0.606983191
40,1002,6343154,16.1338,4.6,62539,40544,0.61469625
41,1098,6392017,17.4977,3.1,62629,40130,0.625744758
42,1071,6482505,16.8532,6.5,50573,39949,0.617706111
43,1134,6553255,17.6797,4.9,79726,40013,0.610778354
44,1222,6626624,18.7376,2.7,77151,41031,0.618402691
45,1211,6731484,18.1685,3.0,70066,42136,0.625954099
46,1274,6828065,19.0161,3.5,77067,42204,0.618096049
47,1382,6931071,20.2697,4.7,59785,42248,0.611523943
48,126,2691571,4.846,4.2,56550,11489,0.426355755
49,176,2705927,6.8274,2.8,59619,11849,0.437835425
50,184,2724816,7.0314,5.0,59087,12068,0.442412018
51,230,2749686,8.6534,3.6,56885,12577,0.457345455
52,269,2781097,10.0735,5.4,43441,12455,0.448714346
53,285,2821761,10.4539,3.2,71920,12854,0.457295814
54,301,2848650,10.8886,3.6,57700,13275,0.4682875
55,360,2874554,13.0512,2.7,73227,13135,0.460007214
56,351,2896843,12.5975,3.6,81084,13338,0.461610341
57,350,2915918,12.5146,3.4,51664,14192,0.485763222
58,355,2937979,12.6401,5.3,43903,14090,0.479482962
59,373,2949131,13.0962,4.2,51348,14043,0.476061655
60,319,2959373,11.0713,3.6,57872,14295,0.48314077
61,356,2966369,12.55,2.6,63481,15250,0.514096527
62,392,2978204,13.8454,3.1,58873,15784,0.529983843
63,401,2988248,13.9917,4.3,64609,15833,0.52984525
64,1226,34479458,3.6186,5.5,45392,157142,0.454161553
65,2975,34871843,8.6703,5.2,75418,159695,0.45624554
66,3108,35253159,8.9283,2.3,71293,161785,0.456211584
67,3125,35574576,8.8191,2.8,63805,163939,0.457393076
68,3214,35827943,8.9735,3.3,71319,168035,0.464773792
69,3494,36021202,9.6031,4.3,59295,172298,0.472598967
70,3854,36250311,10.4807,3.9,55240,171444,0.469025775
71,3863,36604337,10.3705,2.5,56894,171085,0.465452987
72,4056,36961229,10.7369,3.8,54971,168830,0.456770561
73,4057,37253956,10.5598,4.1,66390,162821,0.436070857
74,4180,37691912,10.7344,4.1,63173,147578,0.391620482
75,4040,38041430,10.2923,5.1,64610,132935,0.349830071
76,4452,38332521,11.1379,3.0,55006,134339,0.349555375
77,4521,38802500,11.102,4.0,59768,134430,0.34644675
78,4659,39144818,11.3219,3.0,59886,127815,0.326518315
79,4654,39250017,11.2218,3.7,50343,129416,0.32933233
80,411,4425687,8.9896,5.7,42196,17278,0.38993552
81,448,4490406,9.7169,5.2,45369,18636,0.414036633
82,502,4528732,10.7497,4.2,56810,19450,0.427695023
83,518,4575013,10.9393,3.3,59094,19655,0.427113527
84,608,4631888,12.6913,4.2,56094,21063,0.451676336
85,627,4720423,12.8239,5.3,61386,22051,0.463901769
86,734,4803868,14.7299,5.1,56564,22666,0.466233263
87,749,4889730,14.7725,4.5,72133,23211,0.469910047
88,769,4972195,14.9699,4.0,53527,22725,0.452261487
89,654,5029196,12.6675,4.7,51176,22752,0.450740655
90,843,5116796,16.1231,3.5,58046,21862,0.427300812
91,807,5187582,15.0082,3.1,75923,20328,0.391717208
92,846,5268367,15.5429,3.8,70566,20184,0.382846562
93,899,5355866,16.2953,5.4,66637,20469,0.382179091
94,869,5456574,15.368,5.0,45907,19959,0.365778967
95,942,5540545,16.5808,4.8,57100,19486,0.352362207
96,307,3432835,8.7869,4.8,60979,17507,0.509724271
97,354,3458749,10.2713,6.4,59135,18716,0.541145849
98,307,3484336,8.759,3.7,50943,18023,0.516868562
99,333,3496094,9.6133,4.3,53985,17993,0.514237635
100,295,3506956,8.4563,2.9,60184,17928,0.512126
101,407,3517460,11.5107,5.5,53764,18902,0.539316123
102,433,3527270,12.2348,4.8,61437,19438,0.555005284
103,386,3545579,10.7434,4.9,48451,19905,0.568510921
104,393,3561807,10.9834,4.3,68468,18938,0.53827316
105,363,3574097,10.0601,3.4,76260,18629,0.521018331
106,402,3580709,11.2375,5.2,55431,17877,0.498422373
107,439,3590347,12.0508,3.1,59374,17164,0.477870907
108,582,3596080,15.9945,4.5,57075,17319,0.481171414
109,623,3596677,17.641,4.6,55016,16814,0.467487072
110,800,3590886,22.0656,5.5,41099,16024,0.446240844
111,971,3576452,27.3914,3.8,70218,15040,0.419211832
112,64,795699,8.0344,4.0,57756,6841,0.858775871
113,84,806169,10.4536,4.3,72889,6637,0.823505326
114,77,818003,9.4153,5.5,66596,6630,0.810349
115,63,830803,7.6459,6.7,63636,6753,0.813546826
116,62,845150,7.5451,5.5,42798,6788,0.806423829
117,78,859268,9.3592,6.1,52248,7021,0.822635903
118,97,871749,11.4094,7.3,75112,7110,0.822189638
119,124,883874,14.2858,5.9,44509,6944,0.795334283
120,136,891730,15.3675,3.8,57829,6581,0.743513324
121,145,897934,16.6433,4.5,59817,6378,0.708830485
122,160,907135,17.6336,5.0,44354,6546,0.720816353
123,141,917092,15.2077,6.3,70310,6730,0.733872524
124,166,925749,18.7293,3.2,66451,6798,0.734728287
125,189,935614,20.9428,3.3,60837,6730,0.719313734
126,198,945934,21.9747,4.4,67481,6437,0.680491451
127,282,952065,30.7819,5.0,58146,6334,0.664848672
128,1746,16356966,10.9424,5.6,52008,72404,0.44220693
129,1927,16689370,11.8369,3.6,60474,75210,0.450583197
130,2054,17004085,12.357999999999999,4.4,51395,79594,0.468222557
131,2264,17415318,13.2445,5.4,59196,83165,0.478360328
132,2371,17842038,13.5467,6.6,40037,86559,0.487157077
133,2591,18166990,14.4039,4.5,68730,90377,0.499599555
134,2794,18367842,15.4163,6.3,54203,95187,0.521537081
135,2963,18527305,16.2201,5.3,67861,99878,0.544937512
136,3092,18652644,16.678,4.4,73594,101373,0.54683984
137,3061,18801310,16.374000000000002,4.3,50756,102070,0.541812712
138,2918,19057542,15.3918,6.1,45922,100861,0.528558931
139,2597,19317568,13.2659,5.7,42387,99835,0.516724274
140,2474,19552860,12.5629,5.1,54865,100940,0.514991828
141,2634,19893297,13.1958,4.0,60855,100873,0.507070296
142,3228,20271272,16.2362,5.2,51983,99485,0.490768414
143,4728,20612439,23.7451,6.5,60413,98010,0.474473302
144,511,8377038,6.013999999999999,5.9,42824,45937,0.546499705
145,563,8508256,6.5154,7.4,67243,47445,0.555301641
146,607,8622793,6.9438,4.2,61486,47208,0.544092867
147,666,8769252,7.4828,4.0,59494,51104,0.573034994
148,738,8925922,8.1931,5.8,66258,48749,0.533793781
149,830,9155813,8.9427,6.4,56473,52792,0.563779716
150,923,9349988,9.6862,5.2,47330,54256,0.568438147
151,935,9504843,9.7082,3.2,55065,52719,0.54429479
152,1007,9620846,10.3199,5.8,46360,53538,0.544682579
153,1054,9687653,10.7099,5.0,55701,52794,0.543586765
154,1058,9815210,10.6608,5.6,60389,52844,0.538539775
155,1056,9919945,10.5933,7.5,60834,55178,0.556474081
156,1098,9992167,10.8204,4.7,47077,53701,0.537291595
157,1206,10097343,11.8978,5.7,53301,52719,0.522107648
158,1302,10214860,12.6797,3.7,57415,52002,0.509081867
159,1394,10310371,13.3349,6.6,50797,53433,0.518081915
160,77,1225948,6.185,6.4,42406,5116,0.41694376
161,77,1239613,6.1251,6.1,42786,5069,0.408571868
162,92,1251154,7.1104,5.5,53444,5499,0.440358597
163,103,1273569,7.9546,4.5,57810,5555,0.440131081
164,126,1292729,9.4443,5.3,48060,5739,0.450726393
165,86,1309731,6.4367,6.8,54916,5510,0.42862766
166,136,1315675,10.0354,5.6,53438,5457,0.425202667
167,123,1332213,8.9609,4.1,71223,5455,0.423459748
168,136,1346717,9.6033,4.8,49555,4848,0.374311485
169,151,1360301,10.880999999999998,5.2,46140,5294,0.388305648
170,180,1374810,12.3987,4.3,57522,5454,0.395753953
171,155,1392313,10.9729,5.4,70161,5297,0.381054464
172,158,1404054,11.0087,6.0,60940,5173,0.367143203
173,157,1419561,10.8528,6.8,60487,5390,0.379694849
174,169,1431603,11.3281,5.9,44922,5413,0.378107618
175,191,1428557,12.7513,5.7,49254,5182,0.362711672
176,98,1319962,7.8232,5.7,55173,5270,0.399065566
177,117,1340372,9.1332,8.1,58875,5451,0.405844881
178,102,1363380,7.9078,5.5,47199,5558,0.406573648
179,98,1391802,7.4015,6.2,49644,5758,0.412718437
180,109,1428241,8.0535,3.7,60730,6249,0.437186531
181,130,1468669,9.3376,6.4,46784,6665,0.454494311
182,126,1505105,8.645,6.4,54310,7055,0.470520914
183,146,1534320,9.8008,5.9,46686,7033,0.461538663
184,171,1554439,11.5925,5.8,65243,7184,0.464742874
185,178,1567582,11.8102,4.3,73397,7235,0.460504792
186,193,1584985,12.86,5.1,49875,7470,0.471667138
187,181,1595728,11.9173,3.9,56870,7715,0.483520203
188,207,1612136,13.3532,4.7,51102,7219,0.447594713
189,212,1634464,13.7097,5.6,56630,7497,0.458682479
190,218,1654930,14.1941,6.3,35521,7238,0.437359888
191,243,1683140,15.2208,4.9,67244,7221,0.429814777
192,892,12488445,7.1423,4.0,52219,44348,0.35421083
193,986,12525556,7.9132,5.0,67781,42693,0.339198187
194,847,12556006,6.7553,5.5,63371,43418,0.34325007
195,1035,12589773,8.2932,6.2,57528,44054,0.346554001
196,1067,12609903,8.4224,5.7,39919,44919,0.351880121
197,1369,12643955,10.8554,5.0,50602,45106,0.351512667
198,1192,12695866,9.3839,7.5,61137,45215,0.351797947
199,1353,12747038,10.597000000000001,5.7,41381,45474,0.352468922
200,1381,12796778,10.7813,4.3,55690,45161,0.349803016
201,1288,12830632,9.9923,5.7,58080,48418,0.377029087
202,1408,12869257,10.9406,6.0,39552,48427,0.376578024
203,1628,12875255,12.5277,7.4,59068,49348,0.383488217
204,1579,12882135,12.104000000000001,4.1,66155,48653,0.377431471
205,1705,12880580,13.13,4.3,60708,48278,0.374812314
206,1835,12859995,14.0925,5.6,63383,46240,0.359564681
207,2411,12801539,18.8737,6.7,53875,43616,0.339801582
208,283,6127760,4.6642,4.3,45369,19646,0.32065977
209,293,6155967,4.8099,3.9,53774,20349,0.330506538
210,434,6196638,7.1074,4.8,44132,21345,0.344298017
211,542,6233007,8.7959,5.9,50311,21984,0.353069451
212,610,6278616,9.8413,6.2,40850,22760,0.363229029
213,736,6332669,11.7648,4.7,60907,24901,0.394407557
214,781,6379599,12.369000000000002,7.0,48801,25137,0.396152169
215,830,6424806,13.2099,5.1,62963,26392,0.413875817
216,896,6459325,14.0319,4.3,65262,26748,0.416433589
217,927,6483802,14.3781,4.6,50121,27273,0.420190854
218,975,6516922,15.3205,5.9,39622,27402,0.420511289
219,1011,6537334,15.981,5.4,42158,28034,0.428799859
220,1064,6570902,16.5961,5.5,51485,28495,0.433666788
221,1172,6596855,18.1805,4.5,54855,32493,0.492552891
222,1245,6619680,19.4945,5.4,50553,26586,0.401620622
223,1526,6633053,23.9642,6.2,57196,25143,0.37900171
224,87,2931997,3.0075,5.3,40241,7962,0.271558309
225,91,2934234,3.1256,6.3,60106,8398,0.286051011
226,96,2941999,3.3916,3.8,67620,8546,0.290485035
227,122,2953635,4.2333,3.7,54842,8525,0.288698854
228,141,2964454,4.8471,5.0,62967,8737,0.294619096
229,187,2982644,6.5509,5.9,53027,8838,0.296369822
230,203,2999212,6.8812,5.3,42499,8692,0.290892443
231,209,3016734,7.1815,3.7,54453,8723,0.290519241
232,207,3032870,7.1267,6.8,43749,8914,0.296357272
233,253,3046355,8.5698,5.2,57812,9457,0.31004504
234,250,3062309,8.4393,5.4,53952,9115,0.297477528
235,259,3074186,8.6605,7.3,56307,8735,0.284061438
236,275,3090416,9.2929,4.9,43777,8707,0.281566619
237,264,3107126,8.7958,6.3,46398,8845,0.284668211
238,309,3123899,10.2763,3.4,52888,8864,0.28374797
239,314,3134693,10.6239,5.5,41208,9049,0.289025188
240,138,2702162,5.2579,7.2,39085,8574,0.317305824
241,170,2713535,6.4487,5.9,41086,8967,0.330669758
242,188,2723004,7.0865,5.0,50003,9168,0.33646679
243,224,2734373,8.4787,4.3,53442,8991,0.328895265
244,241,2745299,9.0751,5.5,46158,9090,0.330765323
245,257,2762931,9.4872,5.7,51738,8833,0.319564411
246,270,2783785,9.9794,4.0,47922,8721,0.3141574
247,219,2808076,8.001,2.9,56263,8556,0.305338717
248,304,2832704,11.0609,5.3,48121,8644,0.30666108
249,269,2853118,9.559,3.7,46071,9055,0.316703292
250,280,2871238,10.1164,4.1,48972,9330,0.325043391
251,318,2885905,11.4807,4.9,64247,9505,0.329417294
252,331,2893957,11.9586,5.0,57255,9610,0.33185982
253,332,2904021,11.732999999999999,5.4,57020,9539,0.328475586
254,329,2911641,11.8357,5.2,39018,9533,0.32740987
255,313,2907289,11.089,4.7,47044,9653,0.331977064
256,345,4068132,8.4386,5.0,51904,10720,0.263467308
257,426,4089875,10.4519,6.2,51775,11583,0.28321526
258,560,4117170,13.5906,4.5,48407,11660,0.283134164
259,526,4146101,12.7705,5.9,44375,13322,0.321644875
260,638,4182742,15.3455,3.4,55766,14904,0.35718668
261,728,4219239,17.3826,5.2,41553,15589,0.370630664
262,708,4256672,16.6969,5.0,47680,15364,0.362232563
263,764,4289878,17.9429,5.1,43424,15260,0.35744025
264,769,4317074,17.9621,4.5,66692,14984,0.347325163
265,1007,4339367,23.5709,3.6,67819,14501,0.333569269
266,1058,4369356,25.0026,4.1,47333,14001,0.32062277
267,1078,4380415,24.9647,3.8,52196,12998,0.296776285
268,1019,4395295,23.6849,4.4,45088,12141,0.275957971
269,1077,4413457,24.7459,5.4,49764,12114,0.274478714
270,1273,4425092,29.9067,7.5,36641,11959,0.270254268
271,1419,4436974,33.5499,4.1,61795,11867,0.267508966
272,265,4477875,5.97,3.6,54660,19660,0.439784823
273,365,4497267,8.2523,4.3,65415,20010,0.447031763
274,536,4521042,12.1353,4.3,58629,19498,0.433899723
275,539,4552238,12.1211,4.9,53367,19470,0.43202487
276,661,4576628,14.7302,5.2,41302,19371,0.429766529
277,705,4302665,16.5314,4.2,48621,20815,0.485450705
278,808,4375581,18.8327,6.6,57431,20461,0.476590444
279,647,4435586,14.8777,4.0,42590,20857,0.472862495
280,584,4491648,13.1386,3.6,57512,19889,0.442757424
281,591,4533372,13.1747,4.7,53079,19008,0.418186262
282,601,4574836,13.4834,5.1,43553,18844,0.411911779
283,566,4601893,12.3286,5.6,62187,18601,0.40418206
284,809,4625470,17.7718,3.6,64632,18794,0.405980709
285,777,4649676,16.8583,3.5,55582,18710,0.402393629
286,861,4670724,19.0385,4.1,58341,18447,0.394949477
287,996,4681666,21.8107,5.4,51926,15059,0.321350736
288,85,1285692,6.4893,4.0,47043,1675,0.13040398
289,139,1295960,10.9383,3.1,55616,1855,0.143254969
290,133,1306513,10.2809,3.5,40277,1974,0.150778526
291,140,1313688,10.9506,4.8,45774,2013,0.153081594
292,163,1318787,12.4256,6.5,41090,1970,0.149443947
293,159,1323619,12.0255,4.0,57820,2083,0.157615086
294,159,1327040,12.3619,7.0,48879,2148,0.163072319
295,162,1330509,12.3241,4.9,63313,2047,0.155493233
296,173,1329590,12.745,3.9,68876,2074,0.157323707
297,135,1328361,10.4221,4.6,49693,1954,0.147207391
298,156,1328188,11.7773,4.5,40658,1978,0.148884794
299,150,1329192,11.4743,5.7,39856,1977,0.14881434
300,174,1328302,13.2438,4.4,46147,2073,0.156016925
301,216,1330089,16.8385,3.7,50219,2199,0.165327283
302,269,1329328,21.1572,5.0,44445,2190,0.164744894
303,353,1331479,28.7144,4.5,50637,2356,0.177111962
304,639,5374691,11.4825,4.9,41821,23739,0.440747341
305,723,5440389,12.8842,5.0,56850,24114,0.442416098
306,779,5496269,13.775,3.1,62616,23768,0.431180394
307,676,5546935,11.8514,3.7,51862,23289,0.418766583
308,656,5592379,11.4484,3.0,55493,22553,0.403481538
309,762,5627367,13.1655,4.9,49047,22662,0.403545258
310,769,5653408,13.2276,5.2,42279,23184,0.412648282
311,693,5684965,11.751,3.1,47223,23141,0.410767756
312,743,5730388,12.464,6.4,40084,22066,0.387158263
313,650,5773552,10.9617,4.9,49033,22856,0.395044248
314,707,5828289,11.7444,4.6,49910,23001,0.393881606
315,831,5884563,13.6917,5.3,51526,21810,0.370611541
316,892,5928814,14.5914,4.0,48455,21705,0.365481751
317,1070,5976407,17.3942,5.4,44648,21266,0.355832526
318,1285,6006401,20.8723,3.2,56361,20951,0.34881121
319,2044,6016447,33.2231,4.7,45206,20236,0.335881045
320,689,6397634,10.4866,4.3,39300,10203,0.159392885
321,705,6417206,10.7226,5.4,41104,9879,0.153835373
322,823,6422565,12.6322,4.2,46054,9828,0.1530756
323,669,6412281,10.2832,3.7,49016,9825,0.153338758
324,780,6403290,11.9783,4.6,46139,10348,0.160848899
325,970,6410084,14.6903,5.0,50728,10773,0.167355554
326,922,6431559,14.0026,3.1,47050,11071,0.171649931
327,786,6468967,11.9004,2.8,59539,11174,0.171961477
328,816,6517613,12.2356,4.5,44117,11156,0.169194704
329,738,6547629,11.0093,4.0,44066,11162,0.170270123
330,857,6587536,12.7263,3.4,55214,11467,0.173558268
331,859,6646144,12.7309,4.5,65998,11127,0.167441575
332,1081,6692824,15.9971,3.7,60233,10622,0.158327612
333,1289,6745408,19.0436,5.4,54283,10447,0.154875732
334,1724,6794422,25.6654,5.3,38587,9493,0.139717551
335,2227,6811779,32.9897,3.9,46896,9038,0.132449729
336,621,9991120,6.1798,4.4,48314,48849,0.488184104
337,751,10015710,7.483,5.2,50602,50591,0.503732816
338,761,10041152,7.6001,4.1,43103,49358,0.489547888
339,867,10055315,8.6566,5.6,45886,48831,0.483273995
340,985,10051137,9.7723,3.1,51006,49493,0.489989291
341,1176,10036081,11.7143,4.7,43830,51515,0.510269628
342,1236,10001284,12.2128,4.6,49781,50233,0.498747893
343,1239,9946889,12.3849,3.8,45134,48738,0.487213276
344,1429,9901591,14.465,4.3,62968,45478,0.456160936
345,1394,9883640,13.9494,3.5,66633,44113,0.446617003
346,1386,9876187,14.2616,4.5,51200,42904,0.434391662
347,1308,9883360,13.5226,3.0,52504,43594,0.441122349
348,1553,9895622,15.8693,3.6,41280,43704,0.441535137
349,1762,9909877,18.0371,5.1,45817,43359,0.43753318
350,1980,9922576,20.3541,6.1,38160,42628,0.429606183
351,2347,9928300,24.3772,4.6,52321,41122,0.413975212
352,185,4982796,3.6685,4.9,52114,6406,0.128517505
353,201,5018935,3.948,5.7,64851,6855,0.136423585
354,246,5053572,4.8103,4.8,55930,7569,0.149461748
355,250,5087713,4.8394,7.3,56134,7983,0.156635494
356,282,5119598,5.45,5.5,36538,8718,0.170049616
357,311,5163555,5.9236,6.2,45739,8814,0.170579209
358,341,5207203,6.4215,6.7,61604,9192,0.17685014
359,384,5247018,7.2159,5.7,39980,9031,0.172994639
360,419,5281203,7.8785,2.8,52201,9500,0.180395252
361,397,5303925,7.3476,4.9,50351,9397,0.176946058
362,511,5344861,9.3536,4.6,42777,9309,0.17408789
363,482,5379139,8.9059,4.7,56163,9421,0.175123047
364,523,5420380,9.6018,3.0,60367,9391,0.173199854
365,517,5457173,9.597999999999999,4.0,55928,9576,0.175475471
366,581,5489594,10.647,2.6,56701,9578,0.174475562
367,672,5519952,12.4677,4.3,47266,9509,0.17210704
368,169,2852994,6.1572,6.7,51434,15131,0.52910534
369,183,2858681,6.6338,3.3,49595,15355,0.535627141
370,207,2868312,7.4835,5.1,40437,15863,0.550302956
371,224,2889010,8.1736,6.1,48769,16359,0.563954098
372,248,2905943,8.8104,6.6,35078,16089,0.553172499
373,339,2904978,12.082,5.4,56090,16384,0.562919596
374,314,2928350,10.9502,8.0,45994,17478,0.598810807
375,303,2947806,10.5094,5.5,59373,17896,0.608993751
376,323,2958774,11.1678,4.2,64186,17212,0.583063121
377,334,2967297,11.3863,5.5,47502,16454,0.553993304
378,302,2978512,10.7045,4.9,45433,15390,0.516884039
379,310,2984926,10.6593,6.4,42664,15791,0.528754876
380,316,2991207,10.8336,4.6,44717,15591,0.521053698
381,336,2994079,11.6481,4.2,50721,13069,0.436494829
382,351,2992333,12.3448,5.9,44305,13967,0.466759548
383,352,2988726,12.1325,6.3,52870,13720,0.459567598
384,351,5641142,6.2576,4.3,40490,28575,0.506890788
385,416,5674825,7.465,5.4,60392,29795,0.525527273
386,522,5709403,9.2936,3.9,60501,29864,0.522170568
387,548,5747741,9.7556,4.7,52318,30682,0.532716894
388,608,5790300,10.6714,3.6,58491,30415,0.524604313
389,743,5842704,12.9502,4.8,47475,30116,0.515445479
390,714,5887612,12.2524,6.6,40517,29823,0.507330632
391,765,5923916,13.1468,3.1,45826,30137,0.509793872
392,863,5961088,14.6489,6.8,41101,30519,0.50970509
393,998,5988927,17.0351,7.8,51634,30577,0.509980878
394,963,6010688,16.4063,5.3,48172,30969,0.515378307
395,942,6021988,16.1656,6.5,49098,31205,0.517966405
396,1025,6044171,17.4929,3.7,45878,31499,0.521082423
397,1067,6063589,18.2146,6.4,45879,31903,0.526140542
398,1066,6083672,17.8941,3.2,50075,32295,0.530847159
399,1371,6093000,23.6436,6.1,41906,32427,0.532360254
400,56,906961,6.2322,6.8,39563,2795,0.308709473
401,78,911667,8.6633,10.3,41148,2870,0.315255742
402,93,919630,10.5536,6.9,47877,3053,0.332513938
403,98,930009,10.9153,6.4,50142,2703,0.291610927
404,96,940102,10.1205,10.3,46520,2822,0.301903102
405,97,952692,10.2454,10.2,53254,2948,0.312079201
406,125,964706,12.7584,8.8,47420,2909,0.303697509
407,134,976415,14.0723,7.2,61521,2910,0.300793848
408,142,983982,14.6404,9.9,46227,3085,0.316413826
409,118,989415,12.8808,10.4,44857,3137,0.316562357
410,141,998199,14.3899,8.3,50702,3125,0.313230767
411,118,1005141,11.9145,7.9,64682,3095,0.307808898
412,137,1015165,14.4557,7.3,60943,3125,0.307923032
413,125,1023579,12.3826,11.2,57014,3119,0.304715122
414,138,1032949,13.8332,7.8,39586,3176,0.307469197
415,119,1042520,11.6662,9.9,46914,3199,0.307994177
416,66,1719836,3.9472,8.0,51402,3915,0.227611118
417,66,1728292,3.9426,11.3,51727,4048,0.234318381
418,55,1738643,3.2198,6.4,46111,4073,0.234420639
419,59,1749370,3.5566,10.3,46934,4137,0.236710564
420,86,1761497,5.023,4.1,49631,4405,0.250545598
421,91,1772693,5.376,10.6,42930,4399,0.248765644
422,80,1783440,4.7707,8.3,50461,4402,0.248059954
423,94,1796378,5.4608,7.5,42102,4470,0.250640338
424,106,1812683,5.9086,9.1,65306,4490,0.249913866
425,117,1826341,6.6739999999999995,6.2,66176,4608,0.251783879
426,129,1842641,7.125,11.3,54744,4657,0.252790905
427,146,1855525,7.9099,4.6,50728,4721,0.254453338
428,117,1868516,6.471,6.8,42900,5012,0.268169242
429,125,1881503,7.1853,9.3,46038,5228,0.277862964
430,126,1896190,6.9455,9.5,36446,5133,0.270700721
431,120,1907116,6.4436,7.8,54925,5167,0.270863487
432,261,2098399,12.2689,8.4,54589,9862,0.470129026
433,323,2173791,14.75,9.1,64141,10101,0.466030437
434,342,2248850,15.1916,8.7,61141,10584,0.472034919
435,380,2346222,16.031,12.2,55734,11033,0.472931093
436,457,2432143,18.6618,8.2,40795,11662,0.483438841
437,461,2522658,17.971,10.4,47215,12754,0.511074005
438,499,2601072,18.8504,7.9,62993,13311,0.518870094
439,519,2653630,19.1846,10.5,42212,12877,0.495237421
440,550,2684665,20.0629,6.3,53337,12570,0.475580619
441,578,2700551,20.7343,8.6,51200,12192,0.450840389
442,639,2723322,22.839000000000002,7.7,37994,12159,0.447017457
443,602,2758931,20.962,9.2,56631,12594,0.457239701
444,614,2790136,21.1188,6.7,61985,12789,0.458141769
445,545,2839099,18.4096,6.6,50706,12693,0.447078457
446,619,2890845,20.3662,7.3,62537,13235,0.457824615
447,665,2940058,21.6704,7.6,46490,13932,0.473997824
448,79,1255517,6.0784,13.5,54058,2419,0.192081845
449,111,1269089,8.6655,4.6,49174,2475,0.194208278
450,127,1279840,9.5299,7.3,43655,2427,0.188328593
451,124,1290121,9.5546,9.6,46005,2443,0.18804328
452,142,1298492,10.6508,10.4,37279,2423,0.185412058
453,149,1308389,11.2345,7.4,58058,2676,0.203514349
454,186,1312540,13.8113,12.6,49370,2759,0.209677861
455,126,1315906,9.3666,8.3,58463,2854,0.216900781
456,168,1316102,12.4778,7.7,65630,2915,0.220070589
457,160,1316470,11.8137,8.1,47894,2617,0.198738312
458,210,1318194,15.3496,8.0,41313,2423,0.183866074
459,173,1320718,13.3933,10.2,39452,2568,0.194307428
460,203,1323459,15.0864,7.1,48497,2623,0.198319089
461,334,1326813,26.2125,6.0,48908,2723,0.205228619
462,422,1330608,34.3196,10.4,47453,2661,0.199983767
463,481,1334795,38.9902,10.4,52506,2599,0.194679461
464,705,8492671,8.1382,8.7,42091,26052,0.306093819
465,813,8552643,9.3301,10.0,58080,26301,0.306708188
466,721,8601402,8.2881,7.1,59161,25718,0.297578963
467,590,8634561,6.7748,6.1,47390,25435,0.292855658
468,823,8651974,9.4132,7.8,53529,25619,0.294364684
469,847,8661679,9.6644,8.1,46053,25554,0.292897292
470,727,8677885,8.3715,9.7,41195,25354,0.291897692
471,702,8711090,7.9673,5.0,46418,24835,0.286029824
472,263,8755602,2.9967,11.2,44213,24115,0.276937561
473,868,8791894,9.7672,11.2,54210,24488,0.278285598
474,1012,8821155,11.306,8.5,48437,23642,0.267601669
475,1222,8864590,13.7399,10.6,50236,23050,0.259930677
476,1294,8899339,14.4943,6.8,43216,22263,0.249823206
477,1253,8938175,14.0172,10.3,49099,21394,0.239355349
478,1454,8958013,16.3351,3.8,47205,20294,0.226545775
479,2056,8944469,23.2077,10.9,43513,19458,0.216719742
480,258,1831690,14.3563,7.8,36488,5668,0.309568608
481,287,1855309,16.1031,9.4,39485,5991,0.323480436
482,358,1877574,19.7372,6.5,45552,6223,0.33126402
483,314,1903808,16.942,5.5,48126,6403,0.336467673
484,373,1932274,20.0844,9.1,45407,6571,0.341176074
485,418,1962137,21.756,9.7,48671,6639,0.339660462
486,462,1990070,23.3884,8.3,46213,6429,0.326359259
487,518,2010662,26.6852,6.8,60470,6321,0.318541633
488,438,2036802,22.0362,10.2,49344,6584,0.327615814
489,478,2059179,23.8186,10.0,45676,6659,0.322327223
490,529,2082224,26.308000000000003,7.5,52438,6687,0.321695465
491,492,2085538,24.6608,8.8,62404,6640,0.318688386
492,458,2085287,22.6256,8.4,55697,6767,0.324261642
493,547,2085572,27.2892,11.7,55319,6948,0.333146015
494,501,2085109,25.3107,8.3,37057,7104,0.340701613
495,500,2081015,25.1877,9.5,46657,6996,0.335470061
496,1079,19082838,5.5798,7.9,48477,67554,0.353975902
497,923,19137800,4.785,9.5,47091,66925,0.349764687
498,964,19175939,4.9695,5.9,38838,65388,0.340342252
499,831,19171567,4.2568,8.8,45900,64024,0.332062168
500,944,19132610,4.7922,3.5,41047,63032,0.326324863
501,1680,19104631,8.5737,10.3,39797,63538,0.329107002
502,1708,19132335,8.6449,8.3,48222,62738,0.325105612
503,1691,19212436,8.5369,7.5,40028,60198,0.308861379
504,1592,19307066,7.9913,9.3,68059,58479,0.299256151
505,1557,19378102,7.7953,5.4,61970,56420,0.290896627
506,1948,19465197,9.6739,13.0,52282,55196,0.283032955
507,2106,19570261,10.4167,4.4,48145,54058,0.276142495
508,2309,19651127,11.3102,6.9,41105,53312,0.270678646
509,2300,19746227,11.3047,8.5,44579,52362,0.265174709
511,3638,19745289,18.0425,6.5,56211,50611,0.255143528
512,551,8210122,6.6398,7.2,51235,32203,0.392427345
513,647,8326201,7.7261,8.3,56835,32918,0.396324505
514,762,8422501,9.0165,7.9,50449,33874,0.402247188
515,854,8553152,9.924,10.4,51755,35544,0.416183282
516,1000,8705407,11.4133,7.6,36658,36646,0.422556048
517,1059,8917270,11.8478,8.3,45245,37725,0.425958095
518,1084,9118037,11.8643,7.1,55891,38240,0.422026983
519,1196,9309449,12.7821,8.0,37150,39957,0.433259665
520,1191,9449566,12.5987,5.8,47041,40133,0.427816824
521,1093,9535483,11.4018,7.8,51692,40375,0.422322299
522,1264,9656401,13.049000000000001,8.1,38419,39662,0.410958209
523,1298,9752073,13.325,9.3,54723,37378,0.38342844
524,1259,9848060,12.8868,6.6,57119,37176,0.377462822
525,1358,9943964,13.8046,5.5,51981,37348,0.375584626
526,1567,10042802,15.7928,6.7,54628,36888,0.367307849
527,1956,10146788,19.6947,7.8,43307,35970,0.354150846
528,14,639062,2.3243,11.2,48209,1088,0.170921373
529,17,638168,2.6141,4.0,47923,1117,0.176207701
530,22,638817,3.5289,6.0,37313,1100,0.17366593
531,17,644705,2.5764,6.9,42986,1130,0.177586955
532,12,646089,1.8266,9.0,32875,1318,0.207688247
533,14,649422,2.1165,5.6,54215,1337,0.210264096
534,32,652822,4.7623,9.1,45933,1392,0.217596899
535,46,657569,7.3703,6.7,56017,1379,0.214971293
536,27,664968,4.4054,7.0,60512,1436,0.222000977
537,23,672591,3.4089,7.5,43923,1416,0.209893141
538,16,683932,2.0354,7.1,37236,1385,0.202266554
539,21,699628,3.1184,8.2,36699,1413,0.201470033
540,20,723393,2.8154,5.7,42027,1576,0.217722561
541,43,739482,6.2628,5.0,46500,1696,0.229349734
542,61,756927,8.5971,8.3,42437,1772,0.234104478
543,77,757952,10.6102,9.0,48398,1639,0.21692864
544,737,11387404,6.4705,7.5,36445,44868,0.393931931
545,931,11407889,8.2032,8.1,50646,45284,0.396925188
546,775,11434788,6.7936,6.1,51914,44350,0.38775346
547,1136,11452251,9.9421,5.0,50704,44150,0.385584704
548,1243,11463320,10.8982,5.4,54813,45189,0.393952061
549,1515,11481213,13.2315,6.7,41422,48482,0.42239044
550,1592,11500468,13.8858,7.8,39406,49894,0.435112594
551,1733,11515391,15.1383,4.3,43151,50884,0.443012352
552,1236,11528896,10.8867,9.2,40230,50783,0.439959819
553,1835,11536504,16.0885,10.4,49484,51709,0.448163836
554,2025,11544951,17.7178,7.8,46300,50961,0.441564588
555,2125,11544225,18.897000000000002,8.8,44159,50872,0.440334662
556,2347,11570808,20.7926,5.2,37645,51711,0.446862925
557,2744,11594163,24.6364,7.4,44203,51521,0.444370154
558,3310,11613423,29.9118,3.1,42192,52240,0.449824311
559,4329,11614373,39.1225,9.3,42056,52172,0.448885847
560,269,3467100,7.9609,6.7,36429,21719,0.62598409
561,240,3489080,7.069,8.0,35610,21996,0.630312061
562,400,3504892,11.7806,5.3,41066,22688,0.64703267
563,476,3525233,13.9302,4.7,43391,22621,0.641995308
564,478,3548597,13.84,7.7,42329,22907,0.64646183
565,563,3594090,16.2335,9.0,46077,22873,0.639051277
566,666,3634349,18.8316,6.1,44358,23778,0.657338203
567,564,3668976,15.630999999999998,4.9,56242,23676,0.650017942
568,756,3717572,20.6336,8.2,40984,24053,0.652364356
569,717,3751351,19.4399,7.2,40535,24147,0.642176021
570,703,3791508,18.923,6.7,48049,23750,0.627615671
571,771,3814820,20.5919,7.8,55100,24370,0.638663655
572,790,3850568,20.6365,6.9,50886,25364,0.65827208
573,777,3878051,20.3466,8.9,49222,26493,0.683152439
574,725,3911338,19.0047,7.2,34984,27321,0.698507774
575,813,3923561,21.5304,7.7,43846,26367,0.672420507
576,241,3467937,6.8739,7.4,44106,10950,0.315249345
577,318,3513424,8.9269,7.9,40994,11650,0.330932534
578,355,3547376,9.7885,5.3,39614,12207,0.342476707
579,365,3569463,10.0234,7.5,43055,12652,0.352289646
580,386,3613202,10.4134,2.9,39220,12887,0.354148306
581,485,3670883,12.8634,8.0,40238,13191,0.356440491
582,502,3722417,13.1582,7.7,44649,13373,0.356855519
583,452,3768748,11.8249,6.9,39562,13541,0.357276666
584,501,3808600,12.8968,8.2,55275,13735,0.3590233
585,503,3831074,12.9117,5.1,56815,13859,0.361068297
586,532,3871859,13.5494,9.6,47204,13728,0.354891088
587,490,3899353,12.4656,3.8,43786,14123,0.362146684
588,455,3930065,11.3211,5.4,33956,14605,0.371811282
589,522,3970239,12.8483,6.7,42137,14492,0.365015809
590,505,4028977,12.0475,8.5,34755,14655,0.363739977
591,506,4093465,11.9386,5.0,56104,14579,0.356804681
592,958,12298970,7.8976,5.7,49019,37641,0.305947182
593,1097,12331031,9.1004,6.6,54965,39724,0.322204213
594,1381,12374658,11.3719,5.0,49940,40879,0.330448547
595,1544,12410722,12.7277,7.5,49300,40506,0.326807009
596,1613,12449990,13.182,6.0,32002,41941,0.338088057
597,1638,12510809,13.495999999999999,6.8,41166,43971,0.353446986
598,1733,12563937,13.8552,6.9,51837,45530,0.366208974
599,1850,12612285,14.9061,6.8,37255,48736,0.391507935
600,1909,12666858,15.2458,4.7,45397,50485,0.400523072
601,1916,12702379,15.3278,6.7,45732,48087,0.378110168
602,2289,12742886,18.3208,6.8,33373,49710,0.390067505
603,2365,12763536,18.9533,7.0,49922,50228,0.393498362
604,2426,12773801,19.3932,5.7,51141,49971,0.390969742
605,2732,12787209,21.9021,4.4,47329,49174,0.384556161
606,3264,12802503,26.3273,4.6,50871,48846,0.381534767
607,4627,12784227,37.8509,6.3,41397,48287,0.377623203
608,110,1057142,10.2027,7.9,45184,3364,0.317460617
609,99,1065995,9.3455,3.3,43974,3473,0.325088035
610,146,1071342,13.7311,4.7,34108,3576,0.332316065
611,106,1074579,9.8112,6.1,43762,3169,0.29344875
612,156,1067916,14.3019,7.5,32728,3414,0.318001749
613,175,1063096,16.4045,4.2,52823,3713,0.347786177
614,135,1057315,12.424000000000001,7.2,45022,3745,0.35402597
615,185,1055003,17.3481,5.7,50955,3739,0.355828198
616,161,1053646,14.7751,5.8,52314,3413,0.324057238
617,167,1052567,15.5066,5.6,37113,3159,0.300134533
618,190,1051302,17.667,6.4,33507,3032,0.288584357
619,196,1050292,18.2384,6.5,36936,3042,0.289630431
620,241,1051511,22.3749,4.5,44232,3168,0.300753593
621,247,1055173,23.3501,4.2,41384,3133,0.296918136
622,310,1056298,28.1842,6.0,42425,2982,0.282306698
623,326,1056426,30.8268,7.1,45153,2887,0.272985327
624,242,4064995,5.9421,6.6,32763,21719,0.534670893
625,217,4107795,5.3243,6.1,47508,22896,0.557926005
626,287,4150297,6.9896,5.2,54783,22942,0.552986639
627,356,4210921,8.4443,3.9,43261,22650,0.53955652
628,427,4270150,9.9242,3.8,49275,22456,0.528758047
629,554,4357847,12.7035,5.1,39271,22930,0.53063362
630,545,4444110,12.1421,6.6,37523,23578,0.534926421
631,565,4528996,12.4953,3.4,39522,23685,0.528706639
632,615,4589872,13.2651,6.5,38479,23685,0.519266463
633,678,4625364,14.6269,7.7,44711,23009,0.4961931
634,618,4679230,13.3115,5.9,42933,22363,0.478522036
635,587,4723723,12.4567,6.8,41638,21867,0.462948751
636,620,4774839,12.9686,4.5,35902,21534,0.451264049
637,701,4832482,14.4358,5.8,43520,20948,0.433483249
638,761,4896146,15.6549,2.7,40410,20457,0.417818423
639,879,4961119,18.0931,6.3,37279,20376,0.410821195
640,24,757972,3.2248,6.3,34008,2799,0.369103444
641,22,760020,3.0514,5.3,36762,2943,0.387014309
642,24,763729,3.312,4.2,42619,3019,0.394689537
643,43,770396,5.7906,3.8,41049,3053,0.396173995
644,40,775493,5.5267,4.8,41047,3346,0.431807124
645,37,783033,5.0775,6.0,42710,3316,0.424084848
646,32,791623,4.0574,4.2,37715,3276,0.411447174
647,54,799124,7.3098,3.6,47303,3352,0.416814848
648,49,807067,6.6567,6.0,42939,3390,0.417290859
649,45,814180,6.2598,5.5,38024,3393,0.415504324
650,57,824082,7.0872,4.9,49650,3562,0.432495177
651,42,833354,5.4988,5.7,53387,3596,0.431150762
652,55,844877,6.9467,3.9,48294,3612,0.427197786
653,63,853175,7.7952,6.2,47437,3507,0.411052832
654,65,858469,8.3571,5.0,32387,3536,0.411896061
655,69,865454,8.4197,6.1,39734,3770,0.437587488
656,424,5750789,7.3427,5.3,42498,17466,0.303788327
657,491,5795918,8.4571,5.6,41802,18297,0.316021497
658,662,5847812,11.3333,4.4,36458,19141,0.327464822
659,763,5910809,12.8368,4.9,42684,19331,0.328016672
660,872,5991057,14.5328,2.8,36200,19270,0.323553141
661,975,6088766,15.9915,5.7,36515,19312,0.319798477
662,985,6175727,15.8402,5.3,41966,19268,0.312958899
663,938,6247411,14.7959,6.5,35457,19379,0.311815756
664,962,6306019,15.1506,5.8,54568,19932,0.316569185
665,1080,6346105,16.9123,3.4,55321,20037,0.315174231
666,1090,6403353,17.16,6.8,44958,19831,0.309869688
667,1131,6456243,17.6078,3.0,42796,19817,0.307006414
668,1187,6495978,18.1013,4.2,34835,20758,0.31948808
669,1269,6549352,19.5143,5.0,42776,20815,0.317817702
670,1457,6600299,22.1571,6.4,30882,19800,0.29998641
671,1630,6651194,24.5334,3.7,54622,21539,0.323923768
672,1374,21319622,6.5582,4.5,49602,148480,0.694773844
673,1598,21690325,7.497000000000001,5.1,53347,152446,0.701322749
674,1753,22030931,8.0844,3.2,49397,153056,0.692455369
675,1813,22394023,8.1661,5.5,47262,156682,0.697246104
676,1910,22778123,8.5304,4.0,33339,157081,0.685090369
677,2191,23359580,9.4937,5.4,42704,158510,0.67428732
678,2194,23831983,9.2789,6.9,57363,158576,0.663376335
679,2053,24309039,8.5443,5.8,35160,159237,0.654569697
680,2409,24801761,9.8015,4.3,39763,158542,0.639738794
681,2399,25145561,9.5864,4.6,45903,160242,0.634534681
682,2589,25674681,10.1286,6.7,29359,159956,0.62405347
683,2447,26059203,9.4049,5.6,45183,155195,0.595511357
684,2446,26448193,9.2641,4.5,49631,155377,0.586203606
685,2601,26956958,9.6831,3.6,42999,154247,0.572197353
686,2588,27469114,9.4013,3.6,47861,152492,0.555139856
687,2831,27862596,10.131,4.4,40149,151276,0.542113414
688,209,2283715,10.4458,5.7,45403,4145,0.181901004
689,288,2324815,14.0211,3.1,43611,4285,0.184794736
690,353,2360137,16.1322,4.1,32126,4623,0.196546178
691,358,2401580,16.3187,4.6,41339,4720,0.194984277
692,438,2457719,19.3259,5.8,30161,5058,0.203105286
693,444,2525507,19.1011,3.9,52681,5031,0.197289243
694,511,2597746,21.2997,5.0,45047,5165,0.195249742
695,468,2663029,18.9659,3.9,52253,5132,0.187544036
696,478,2723421,19.1305,4.5,53530,5244,0.188323376
697,433,2763885,16.8971,3.8,36612,5442,0.196074263
698,504,2817222,19.4712,6.1,33322,5294,0.188107579
699,601,2855287,23.131,5.1,38437,5309,0.185962868
700,594,2900872,22.064,4.0,41415,5382,0.185408023
701,603,2942902,22.4296,3.6,40976,5307,0.180332203
702,646,2995919,23.3773,4.4,40379,4831,0.161252691
703,635,3051217,22.3516,5.8,46171,4502,0.147881909
704,44,612223,7.0899,6.1,29673,1400,0.228393189
705,47,615442,7.5062,5.3,42490,1361,0.220795317
706,65,617858,10.2301,4.1,50241,1491,0.240738977
707,50,619920,8.0158,3.2,40794,1968,0.316789353
708,53,621215,8.4676,3.4,47342,2078,0.333875868
709,75,622892,12.2263,4.6,40860,2215,0.355020291
710,66,623481,10.8459,4.7,35783,2116,0.340601429
711,73,624151,10.9471,3.0,39671,2116,0.340592657
712,55,624817,8.2928,5.0,37736,2220,0.357050952
713,63,625741,9.6989,5.2,45723,2079,0.332156911
714,83,626431,12.8865,5.4,43499,2053,0.327645422
715,70,626011,10.9478,4.8,41273,2034,0.324944525
716,93,626630,15.0543,4.8,35609,2078,0.33149612
717,83,626562,13.9444,5.0,41785,1979,0.315850626
718,99,626042,16.6979,3.1,35793,1750,0.279533961
719,125,624594,22.1702,5.1,38162,1735,0.278333018
720,459,7198362,6.1665,5.1,30718,31472,0.437308507
721,509,7286873,6.7956,4.9,36265,30937,0.424502276
722,547,7366977,7.2312,3.7,41059,30915,0.419739415
723,558,7475575,7.325,3.1,40991,31072,0.41532711
724,581,7577105,7.5112,3.6,40865,30722,0.406143203
725,629,7673725,8.0384,4.9,46064,30823,0.403290172
726,700,7751000,8.8951,3.2,37611,32977,0.427601282
727,718,7833496,9.0163,2.4,51546,32585,0.419418544
728,685,7925937,8.5371,4.7,41901,30995,0.393208324
729,558,8001024,6.812,4.2,38856,31911,0.397696746
730,798,8096604,9.7429,4.5,50365,30531,0.376722031
731,733,8185867,8.9188,4.7,50172,29708,0.36288445
732,854,8260405,10.2361,2.7,48240,29985,0.362560449
733,980,8326289,11.7135,4.8,46816,30050,0.36090508
734,1039,8382993,12.3604,3.7,29697,30430,0.362996844
735,1405,8411808,16.7463,4.9,39783,29882,0.355130146
736,499,5985722,8.1295,4.9,42176,15226,0.254046541
737,643,6052349,10.4142,4.1,42499,16263,0.268054049
738,696,6104115,11.068,4.2,32432,16227,0.264658479
739,811,6178645,12.7497,5.0,42962,16503,0.265875265
740,850,6257305,13.0332,2.7,35996,16781,0.266708032
741,897,6370753,13.5749,4.5,38317,16827,0.263094613
742,962,6461587,14.3739,4.7,40744,16911,0.261439262
743,1011,6562231,14.7604,5.9,35093,17188,0.262443306
744,987,6667426,14.3041,4.6,50405,17255,0.258920995
745,916,6724540,13.1038,2.7,50926,17028,0.252530421
746,997,6830038,14.0988,5.1,45758,17109,0.250744988
747,985,6897012,13.6883,2.9,41750,16919,0.245369394
748,969,6971406,13.4249,3.9,32777,17760,0.254669588
749,979,7061530,13.2764,3.8,45097,17180,0.243290052
750,1094,7170351,14.7417,5.1,34299,17222,0.2401835
751,1102,7288000,14.5105,3.4,54251,17228,0.236617994
752,206,1801481,11.4696,3.8,46628,3403,0.188953206
753,229,1805414,12.9455,4.1,50593,3575,0.198073671
754,262,1812295,15.120999999999999,3.3,48177,3790,0.209225809
755,333,1816438,18.8017,4.2,43629,3990,0.220132101
756,184,1820492,10.5007,3.7,29682,4036,0.222481551
757,362,1827912,20.3521,4.8,36995,4367,0.240146937
758,397,1834052,22.4483,6.6,51396,4907,0.270800509
759,459,1840310,25.741999999999997,3.9,36251,4896,0.269831157
760,226,1847775,12.4329,4.2,39629,5062,0.278165951
761,512,1852994,28.8855,3.3,45088,5072,0.273516368
762,635,1855364,36.2896,5.2,29411,5149,0.277587891
763,558,1855413,32.0021,4.7,42525,5335,0.287340845
764,570,1854304,32.1989,3.7,47163,5708,0.307942134
765,627,1850326,35.5052,3.0,39594,5867,0.317079261
766,725,1844128,41.4936,3.3,47550,5925,0.321290062
767,884,1831102,52.0211,4.3,38609,5899,0.322589995
768,269,5406835,4.9719,4.6,41461,20766,0.384132512
769,340,5445162,6.1875,2.8,38626,21666,0.398294609
770,383,5479203,6.99,3.7,31038,22153,0.404673483
771,437,5514026,7.8581,3.2,41383,22152,0.402505082
772,518,5546166,9.3367,4.8,32478,21921,0.396570401
773,593,5577655,10.6366,2.9,47038,22564,0.406082527
774,622,5610775,11.0976,4.1,46089,22839,0.407719882
775,606,5640996,10.6039,3.3,44005,22282,0.395915612
776,631,5669264,10.9348,3.9,52205,22262,0.393685053
777,630,5686986,10.9422,3.4,38862,22033,0.387110331
778,698,5711767,12.0766,4.9,32654,22388,0.392094844
779,692,5726398,12.2266,4.3,33738,22419,0.391628763
780,856,5742713,15.0285,3.4,37348,22443,0.390791985
781,853,5757564,15.0648,2.5,41098,22572,0.392040801
782,878,5771337,15.4719,3.4,40838,22914,0.397031052
783,1074,5778708,19.2873,4.3,46330,23163,0.401235632
784,22,494657,4.5032,5.3,29297,1487,0.301162117
785,34,500017,6.9214,4.5,45473,1641,0.328969789
786,30,503453,5.9028,3.0,45693,1630,0.324629415
787,46,509106,9.0935,2.7,41584,1765,0.348892144
788,26,514157,4.9027,3.1,46050,2096,0.411951305
789,55,522667,10.5619,3.9,38688,2035,0.395142562
790,63,534876,12.2666,3.5,36522,1927,0.368571046
791,74,546043,14.0453,3.0,35828,1704,0.319899074
792,60,559851,10.9508,3.4,36462,1743,0.320245466
793,85,563626,14.9556,4.1,42719,2092,0.370557998
794,85,568158,15.2082,4.3,37758,2162,0.381065856
795,98,576412,16.7507,4.2,40619,2187,0.379275301
796,98,582658,17.2422,3.4,32683,2288,0.392302773
797,109,584153,19.3823,4.6,39489,2369,0.405544438
798,96,586107,16.4454,2.6,32663,2400,0.409481545
799,99,585501,17.5871,3.9,37254,2352,0.402113146
